-- phpMyAdmin SQL Dump
-- version 4.7.4
-- https://www.phpmyadmin.net/
--
-- Máy chủ: 127.0.0.1:3306
-- Thời gian đã tạo: Th10 30, 2017 lúc 12:40 PM
-- Phiên bản máy phục vụ: 5.7.19
-- Phiên bản PHP: 7.1.9

SET SQL_MODE = "NO_AUTO_VALUE_ON_ZERO";
SET AUTOCOMMIT = 0;
START TRANSACTION;
SET time_zone = "+00:00";


/*!40101 SET @OLD_CHARACTER_SET_CLIENT=@@CHARACTER_SET_CLIENT */;
/*!40101 SET @OLD_CHARACTER_SET_RESULTS=@@CHARACTER_SET_RESULTS */;
/*!40101 SET @OLD_COLLATION_CONNECTION=@@COLLATION_CONNECTION */;
/*!40101 SET NAMES utf8mb4 */;

--
-- Cơ sở dữ liệu: `music_database`
--

-- --------------------------------------------------------

--
-- Cấu trúc bảng cho bảng `admin`
--

DROP TABLE IF EXISTS `admin`;
CREATE TABLE IF NOT EXISTS `admin` (
  `id` int(11) NOT NULL AUTO_INCREMENT,
  `Useradmin` varchar(50) NOT NULL,
  `passAdmin` varchar(50) NOT NULL,
  PRIMARY KEY (`id`)
) ENGINE=InnoDB AUTO_INCREMENT=2 DEFAULT CHARSET=utf8;

--
-- Đang đổ dữ liệu cho bảng `admin`
--

INSERT INTO `admin` (`id`, `Useradmin`, `passAdmin`) VALUES
(1, 'admin', 'root');

-- --------------------------------------------------------

--
-- Cấu trúc bảng cho bảng `album`
--

DROP TABLE IF EXISTS `album`;
CREATE TABLE IF NOT EXISTS `album` (
  `idAlbum` int(10) NOT NULL AUTO_INCREMENT,
  `TenAlbum` varchar(50) NOT NULL,
  PRIMARY KEY (`idAlbum`)
) ENGINE=InnoDB AUTO_INCREMENT=8 DEFAULT CHARSET=utf8;

--
-- Đang đổ dữ liệu cho bảng `album`
--

INSERT INTO `album` (`idAlbum`, `TenAlbum`) VALUES
(1, 'Album 1'),
(2, 'Album 2'),
(3, 'Album 3'),
(4, 'Album 4'),
(5, 'Album 5'),
(6, 'Album 6'),
(7, 'Album 7');

-- --------------------------------------------------------

--
-- Cấu trúc bảng cho bảng `baihat`
--

DROP TABLE IF EXISTS `baihat`;
CREATE TABLE IF NOT EXISTS `baihat` (
  `idBaihat` int(10) NOT NULL AUTO_INCREMENT,
  `TenBaihat` varchar(50) NOT NULL,
  `LoiBaihat` text NOT NULL,
  `idNhacsi` int(10) NOT NULL,
  `idQuocgia` int(10) NOT NULL,
  PRIMARY KEY (`idBaihat`),
  KEY `Baihat_Nhacsi` (`idNhacsi`),
  KEY `Baihat_Quocgia` (`idQuocgia`)
) ENGINE=InnoDB AUTO_INCREMENT=67 DEFAULT CHARSET=utf8;

--
-- Đang đổ dữ liệu cho bảng `baihat`
--

INSERT INTO `baihat` (`idBaihat`, `TenBaihat`, `LoiBaihat`, `idNhacsi`, `idQuocgia`) VALUES
(1, 'Em Gái Mưa', 'Mưa trôi cả bầu Trời nắng, trượt theo những nỗi buồn \r\nThấm ướt lệ sầu môi đắng vì đánh mất hy vọng \r\nLần đầu gặp nhau dưới mưa, trái tim rộn ràng bởi ánh nhìn \r\nTình cảm dầm mưa thấm lâu, em nào ngờ... \r\n\r\nMình hợp nhau đến như vậy thế nhưng... không phải là yêu! \r\nVà em muốn hỏi anh rằng \"chúng ta là thế nào?\" \r\nRồi... lặng người đến vô tận, trách sao được sự tàn nhẫn \r\nAnh trót vô tình.. thương em như- là- em- gái... \r\n\r\nChorus: \r\nĐừng lo lắng về em khi mà em... vẫn còn yêu anh \r\nCàng xa lánh, càng trống vắng... tim cứ đau và nhớ lắm... \r\nĐành phải buông hết tất cả thôi, nụ cười mỉm sau bờ môi \r\nẤm áp dịu dàng vai anh, em đã bao lần yên giấc... \r\n\r\nNhìn trên cao khoảng Trời yêu mà em lỡ dành cho anh, \r\nGiờ mây đen quyện thành bão, giông tố đang dần kéo đến \r\nChồi non háo hức đang đợi mưa, rất giống em ngày xưa \r\nMưa trôi để lại ngây thơ, trong giấc mơ buốt lạnh \r\n\r\n(Nhớ nhưng chẳng thể ở bên \r\nHết nước mắt lòng buồn tênh \r\nYou can not feel my love...) \r\n\r\nTựa như yêu nhưng... đến khi ai đó chối từ \r\nTrời đất như rung chuyển một người... vỡ mộng.', 2, 1),
(2, 'Cho Em Gần Anh Thêm Một Chút Nữa ', 'Một chút nhớ anh đấy \r\nMột chút mơ chưa đầy \r\nMột chút thương anh mà xa như khói mây \r\nMột chút ít hơi ấm \r\nMột chút thương âm thầm \r\nMột chút yêu thôi nằm sâu như sóng ngầm \r\nMột chút nhớ thành hai \r\nMột chút mơ góp lại \r\nMột chút thế thôi mà buồn mỗi sớm mai \r\nMột chút gió thành bão giông \r\nMột chút mưa đầy biển rộng \r\nMột chút yêu thôi mà đau đến cháy lòng \r\nYêu là như thế dù là sai là thế nào \r\nVẫn cứ yêu thôi và yêu đến khi tàn hơi \r\nBao lần đã cố nhủ lòng phải quên đi \r\nMà tim ơi sao mềm yếu quá vậy \r\nTrái tim em và dòng máu nóng để yêu anh \r\nGiấc mơ ơi ở lại bên tôi đừng tan nhanh \r\nNgày mai thức giấc thấy giữa lồng ngực là hình bóng ấy \r\nNắm tay em đừng để em đi đừng để em đi \r\nLỡ sinh ra là để yêu nhau chẳng rời xa đâu \r\nBình yên ở đây ở đây chẳng đâu xa vời \r\nCho em gần anh thêm chút nữa', 6, 1),
(3, 'Chiều Hôm Ấy', 'Chiều hôm ấy em nói với anh \r\nRằng mình không nên gặp nhau nữa người ơi \r\nEm đâu biết anh đau thế nào \r\nKhoảng lặng phủ kín căn phòng ấy \r\nTim anh như thắt lại \r\nVà mong đó chỉ là mơ \r\nVì anh còn yêu em rất nhiều \r\nGiọt buồn làm nhòe đi dòng kẻ mắt \r\nHòa cùng cơn mưa là những nỗi buồn kia \r\nEm khóc cho cuộc tình chúng mình \r\nCớ sao con yêu nhau mà mình \r\nKhông thể đến được với nhau \r\nVì anh đã sai hay bởi vì \r\nBên em có ai kia \r\nChẳng ai có thể hiểu nổi được trái tim \r\nKhi đã lỡ yêu rồi \r\nChỉ biết trách bản thân đã mù quáng \r\nTrót yêu một người vô tâm \r\nTừng lời hứa như vết dao lạnh lùng \r\nCắt thật sâu trái tim này \r\nVì muốn thấy em hạnh phúc nên \r\nAnh sẽ lùi về sau \r\nThời gian qua chúng ta liệu sống tốt hơn \r\nHay cứ mãi dối lừa \r\nNhìn người mình thương ướt nhòe mi cay \r\nKhiến tim này càng thêm đau \r\nNgười từng khiến anh thay đổi là em \r\nĐã mãi xa rồi... \r\nThôi giấc mơ khép lại \r\nKý ức kia gửi theo \r\nGió bay...', 4, 1),
(4, 'Anh Đã Quen Với Cô Đơn  ', 'Anh thường hay vẫn nằm mơ \r\nVề một ngôi nhà, ở một nơi chỉ có đôi ta \r\n\r\nNơi đã có anh và em xây từng câu chuyện \r\nCùng sẻ chia về những ước mơ \r\n\r\nTrên trời cao, muôn vì sao, soi từng con đường \r\nHòa làn mây cùng gió đến đây \r\n\r\nEm đã nói sẽ ở bên anh thật lâu \r\nChẳng thể quên được những vấn vương \r\n\r\nCó thể anh mơ \r\nChỉ là giấc mơ về một hạnh phúc \r\nNắng phai trên mi ai \r\nGiờ em nơi đâu có biết chăng nơi này \r\n\r\nCó lẽ em đã quên rồi \r\nTừng chiếc ôm trong tiết sang trời trở đông \r\nNhững ngón tay ta đan chặt \r\nNhìn nhau thật lâu và chẳng cần nói điều gì \r\n\r\nEverynight Alone \r\nĐừng để giọt nước mắt vẫn rơi tàn hoa khắp nơi thiếu em babe \r\n\r\nEverynight Alone \r\nLại gọi tên những nổi nhớ đong đầy \r\n\r\nBao đam mê cũng đã chóng phai \r\nYêu em ko biết đúng sai \r\nChỉ bằng cảm xúc bằng lý trí bằng tất cả những gì anh có \r\nHay em cho \r\nKhi hai con tim lệch nhịp \r\nAnh có cố gắng thế nào, em cũng không hiểu được em \r\nNhư là bản thân chính em.', 3, 1),
(5, 'Cho họ ghét đi em', 'Một mình trong đêm không phải anh cô đơn. \r\n\r\nTa đêm nay cứ say ta quên hết sự đời. \r\n\r\nMặc kệ ngoài kia có bao nhiêu dèm pha. \r\n\r\nTâm ta vẫn yên vui không ganh đua cuộc đời. \r\n\r\nCHO HỌ GHÉT ĐI EM, CHO HỌ GHÉT ĐI EM. \r\n\r\nTâm ta vẫn yên vui không ganh đua cuộc đời. \r\n\r\nLang thang bước trong đêm lang thang bước trong đêm. \r\n\r\nCô đơn và nỗi đau nó cũng chẳng là gì. \r\n\r\nVerse 1: \r\n\r\nTâm anh vẫn luôn phải tịnh ở giữa dòng đời đầy vạn thính. \r\n\r\nNhưng đẹp trai là phải tỉnh chứ không yêu ma nó bất kính. \r\n\r\nMới sáng sớm anh bước ra ngỏ, anh đạp cức chó thật quá nhọ. \r\n\r\nĐời của anh giống như chữ \"O\" , anh hơi sống khác hơn là bọn họ. \r\n\r\nChắc vì thế ông già em khó ổng không cho quen như vậy mới chó. \r\n\r\nTập làm quen với những điều đó, cuộc sống là chó còn ta là mèo. \r\n\r\nVì thực tế nó là con mèo, thì người thiên hạ họ gọi là chó. \r\n\r\nNghe tới đây nó hơi khó khó, không biết khi nào mới được tự do. \r\n\r\nVerse 2: \r\n\r\nÊ cuộc đời này thiệt là đẹp, nhiều lúc nó đẹp còn hơn ăn dép. \r\n\r\nNên giờ đây anh chọn sống khép, vẫn phải ra nếp chứ không sao chép. \r\n\r\nAnh đã nói bao nhiêu lần, dòng nhạc của anh là nhạc hòa bình. \r\n\r\nEm cũng nghe khi chill cần, thì em cũng biết là bài nhạc tình. \r\n\r\nAnh yêu cây, yêu cỏ, yêu núi, yêu rừng và yêu em. \r\n\r\nCũng như con gái như em em thích ăn hàng và ăn kem. \r\n\r\nNgười thiên hạ họ đồn anh đây đa tình và lãng tử. \r\n\r\nVăn võ song toàn anh đầy đủ hết truyền kíp của Thủy Hử. \r\n\r\nTiền thân của anh là thần tiên, miệng đời họ gọi anh thằng điên. \r\n\r\nNhưng không sao hết, anh vẫn mĩm cười nhẹ nhàng lòng an nhiên', 1, 1),
(6, 'Em biết', 'Giấu vào thời gian mau trôi đi nhanh theo dĩ vãng \r\nGiấu vào niềm nhớ tan theo hư vô vào quên lãng \r\nMuốn để lòng cố quên thật mau, tình ta mãi xa lìa nhau \r\nĐể giọt nước mắt anh rơi hoà tan theo nỗi đau \r\n\r\nVẫn nhủ lòng cố quên em nhưng sao anh còn xao xuyến \r\nBiết giờ này em đang vui hay em đang buồn ai khác \r\nHơi ấm bên em vẫn nồng nàn, hoà cùng nỗi nhớ em vô vàn \r\nLiệu em có biết anh vẫn còn yêu em \r\n\r\nEm có biết chăng giờ này anh đang suy nghĩ \r\nEm có biết chăng do thói quen anh khóc một mình \r\nDù ta xa cách hai phương trời \r\nĐường tình rẽ chia hai người \r\nLiệu em có biết anh vẫn còn yêu \r\n\r\nMưa ơi cứ rơi để anh được bên em mãi \r\nMây ơi cứ trôi để anh được thấy em hoài \r\nDù tình ta xa cách mãi nhưng anh còn yêu em rất nhiều \r\nLiệu em có biết anh vẫn còn yêu, yêu mình em', 6, 1),
(7, 'Sau Tất Cả ', 'Sau tất cả mình lại trở về với nhau \r\nTựa như chưa bắt đầu, tựa như ta vừa mới quen \r\nSau tất cả long chẳng hề đổi thay \r\nTừng ngày xa lìa khiến con tim bồi hồi \r\nVà ta lại gần nhau hơn nữa \r\n\r\n[Pre-chorus] \r\nCó những lúc đôi ta giận hờn \r\nThầm trách nhau không một ai nói điều gì \r\nThời gian cứ chậm lại, từng giây phút sao quá dài \r\nĐể khiến anh nhận ra mình cần em hơn \r\n\r\n[Chorus] \r\nTình yêu cứ thế đong đầy trong anh từng ngày \r\nVì quá yêu em nên không thể làm gì khác \r\nChỉ cần ta mãi luôn dành cho nhau những chân thành \r\nMọi khó khan cũng chỉ là thử thách \r\nVì trái tim ta luôn luôn thuộc về nhau \r\n\r\nSau tất cả mình lại chung lối đi \r\nĐoạn đường ta có nhau, bàn tay nắm chặt bấy lâu \r\nSau tất cả mình cùng nhau sẻ chia \r\nMuộn phiền không thể khiến đôi tim nhạt nhoà \r\nVà ta lại gần nhau hơn nữa \r\n\r\n[Pre-chorus] \r\n\r\n[Chorus] \r\n\r\nGiữ chặt bàn tay mình cùng nhau đi hết bao tháng ngày \r\nMọi điều gian khó ta luôn vượt qua \r\nĐể khiến ta nhận ra mình gần nhau hơn ', 5, 1),
(8, 'Đã lỡ yêu em nhiều', 'Đã lỡ yêu em nhiều rồi thì anh chỉ biết ngắm mưa \r\nNhìn qua hàng cây được bao nhiêu hạt mưa \r\nLà trong anh được bấy nhiêu nỗi nhớ em \r\nĐã lỡ yêu em nhiều rồi thì anh chỉ biết đếm sao \r\nNhìn lên trời cao được bao nhiêu vì sao \r\nLà trong lòng anh còn bấy nhiêu những nỗi lo \r\nSợ mình đánh mất em khi, thu vừa sang, lá xanh bỗng úa vàng \r\nKhi mưa còn chưa tới, em thay người yêu mới, oh no no \r\nSợ mình sẽ khiến em yêu phai nhạt hơn giữa mênh mông bộn bề.. \r\nEm ơi chờ anh với \r\n(Chỉ biết nói cho em nghe vậy thôi..) \r\n\r\nVì đã lỡ yêu em rồi, chẳng dám hứa xa xôi \r\nCứ nhắm mắt em lại và feel my love \r\nDù nắng mưa bao mùa \r\nThì tình anh vẫn luôn đây mà \r\nChẳng phải kiếm đâu xa \r\nVẫn giữ đó bầu trời của riêng chúng ta \r\nĐể gió mang đi về 1 nơi không người.. \r\n\r\nĐã lỡ yêu em nhiều rồi thì anh chỉ biết thế thôi \r\nDù mai về sau mình không bên cạnh nhau \r\nDù tim mình đau khi biết em đã lỡ yêu người \r\nĐã lỡ yêu em nhiều rồi thì anh sẽ bất chấp luôn \r\nDù mưa, dù giông, dù sông sâu, biển xa \r\nDù nắng cháy anh cũng không hề lo \r\nChỉ sợ mình đánh mất em khi, thu vừa sang, lá xanh bỗng úa vàng \r\nKhi mưa còn chưa tới, em thay người yêu mới, oh no no \r\nSợ mình sẽ khiến em yêu phai nhạt hơn giữa mênh mông bộn bề \r\nEm ơi chờ anh với \r\n(Chỉ biết nói cho em nghe vậy thôi) \r\n\r\nVì đã lỡ yêu em rồi, chẳng dám hứa xa xôi \r\nCứ nhắm mắt em lại và feel my love \r\nDù nắng mưa bao mùa \r\nThì tình anh vẫn luôn đây mà \r\nChẳng phải kiếm đâu xa \r\nVẫn giữ đó bầu trời của riêng chúng ta \r\nĐể gió mang đi về 1 nơi không người \r\n\r\nĐã lỡ yêu..nah nah nah \r\nU know, oh lỡ yêu…nah nah nah \r\nI love you so, bei I love you so \r\nMình phải bước chậm lại vì ngày mai rất dài \r\nĐã lỡ yêu..nah nah nah \r\nU know, oh lỡ yêu…nah nah nah \r\nI love you so, bei I love you so \r\nMình phải bước chậm lại, chậm lại.. \r\n\r\nVì biết đâu, sớm mai thức dậy \r\nEm không còn đây ôm anh, nhẹ hôn anh \r\nĐể tình ta cứ trôi lững lờ \r\nChờ giông và bão cuốn đi bất ngờ \r\nRồi lỡ đâu, giấc mơ không thành \r\nEm không còn kề vai anh, tình mong manh \r\n1 người đứng cứ trông với chờ, người kia thì ôm giấc mơ.. \r\n\r\nVì đã lỡ yêu em rồi, chẳng dám hứa xa xôi \r\n(Chẳng dám hứa thêm gì nữa no no no no no) \r\nCứ nhắm mắt em lại và feel my love \r\n(Can you feel my love, love bei?) \r\n(Dù cho bao mùa anh vẫn sẽ đây) \r\nChẳng phải kiếm đâu xa \r\n(I love you so \r\nLove you so \r\nLove you so \r\nI love you so..) \r\nĐã lỡ yêu..vì 1 người lỡ yêu, lỡ yêu..', 5, 1),
(9, 'Làm người yêu anh nhé baby', 'Em lặng im còn anh thì ngồi ngẩn ngơ nhìn khuôn mặt ngây thơ đó. \r\nEm hững hờ quá nên anh lo sợ bơ vơ. \r\nĐợi chờ đôi mắt ngoan em ngại ngùng ngó sang. \r\nAnh thẫn thờ, bơ phờ, đôi mắt mơ. \r\nAnh đã cố đổi thay để mạnh mẽ hơn vì anh sợ cô đơn. \r\nNói yêu má hồng, mắt cong, bờ môi mọng rất khó. \r\nVì lo trong trái tim em đã có ai. \r\nNhưng nếu yêu em là sai thì anh đây không cần đúng. \r\n\r\n[ĐK] \r\nNgười yêu ơi... yêu mình anh được không? \r\ntừ giờ và sau này. \r\nXua lạnh hơi đêm mùa đông. \r\nLà ngày ta xum vầy khỏa lấp con tim hao gầy...lấp trống tình yêu đông đầy... \r\nHãy để anh chứng minh cho em thấy... \r\nNgười yêu ơi... yêu thì có gì sai? \r\n(Đâu có sai) \r\nkhông là anh thì ai? \r\nđể anh đưa em về. \r\nLà tình yêu mãi mê. Mặc kệ người ta cười chê. \r\nBởi vì tình yêu là thế. \r\nLàm người yêu anh nhé? Babe! \r\nRồi làm vợ anh nhé? Babe!! \r\n\r\n[Rap] \r\nKhông hiểu! Không hiểu! Không hiểu! \r\nLòng em tự nhiên trái tim bên trái...Nhảy sang bên phải \r\nphép toán anh có thể tính 1+1=2 \r\nAnh + em = 3 là sai. \r\nNhưng tương lai sẽ đúng nếu như ta yêu nhau mãi \r\nbàn phím máy tính chơi nhiều cũng chai. \r\nhoa đẹp đến mấy cũng có ngày tàn phai \r\nyêu xong chia tay ai cũng sợ hãi. \r\nRiêng tình yêu anh trao em \r\nnó rất dai và rất dài...! \r\n\r\n[ĐK] \r\n\r\nAnh đã cố đổi thay để mạnh mẽ hơn vì anh sơ cô đơn \r\nlà khi những nỗi nhớ như sóng xô nơi đây từng cơn. \r\nlà khi em cười đùa bên ai đau đớn nên anh giận hờn \r\nnhưng yêu em là sai thì anh không cần đúng.', 9, 1),
(10, 'Sống xa anh chẳng dễ dàng', 'Nhìn vào hư không... ngước vô định vào xa xăm \r\nThở dài tiếc nuối biết bao ân hận... với một người \r\nNặng lời nhau đau vỡ trái tim, người tổn thương.. đi rồi \r\nNhận ra phải sống xa anh chẳng dễ dàng \r\n\r\nOng đã biết... cần hoa lấy mật \r\nBiết đợi nắng.. sưởi ấm mỗi ngày \r\nEm giờ không trẻ con như trước \r\nsẽ không để lạc nhau dù một bước \r\n\r\nChorus: \r\nNếu quá khứ có trở lại \r\nHứa với anh - sẽ chẳng còn sự khờ dại và \r\nsẽ yêu anh êm đềm vững chãi \r\nGió thôi gợn sóng trả lại mặt hồ yên ả \r\n\r\nCó những nỗi nhớ lấn át \r\nChẳng biết vui bao giờ để nở nụ cười buồn \r\nTrái tim em bây giờ chẳng khác, \r\nCó cả thế giới nhưng trong lòng lại chơi vơi \r\nVì anh chính là cả cuộc đời \r\n(anh chiếm hết cả cuộc đời) \r\n\r\nGiang tấu: \r\nTừ lâu tôi nghĩ rằng bao ngốc nghếch chịu đựng vì yêu ai cũng trải qua \r\nNgười yêu dỗi hờn hay trách móc là quan tâm đến ta. \r\nChẳng hiểu sao hai đứa cứ xa dần, thương nhưng vẫn không sao lại gần nữa... \r\n\r\nChorus cuối: \r\nNhắm mắt nhớ phút đắm đuối \r\nLúc đôi môi anh thì thầm gọi nhẹ \"babe\" \r\nThắm thiết hôn từ sau \r\nCó những cảm giác ám ảnh chẳng thề phai màu... \r\n\r\n(I just cant stop missing you bae...) \r\nNhưng không - ta đã kết thúc \r\nChẳng thể nói ra lời thật lòng muộn màng để nói câu \r\n\"Em xin lỗi...\" \r\nBuông xuôi quá khứ chấp nhận vùi bao nhớ thương \r\ndù ngọt đắng... cũng chỉ vì anh \r\n\r\nEnd: \r\nNặng lời nhau đau vỡ trái tim, người tổn thương.. không về', 2, 1),
(11, 'Ai chờ ai', 'Sớm mai tỉnh dậy tôi lạc vào hư không\r\nĐôi tay níu lấy điều gì mà chờ mong\r\nNắng kéo mây về\r\nGió kéo đông về\r\nBuồn người thương kéo tôi về ngày yêu\r\n\r\nĐêm qua mơ thấy anh quay về\r\nÔm choàng nhau, ấm áp đông qua\r\nThức giấc môi cười\r\nÔi ! Là mơ thôi\r\nBuồn tôi ơi, khi nào mày vơi ?\r\n\r\nAnh cứ đi, đi tìm tình yêu mới\r\nTôi đứng đây, ôm trọn tình yêu cũ\r\nNhắn gió mây gửi đến anh đôi lời\r\n“Sợi tơ duyên, đứt đi rồi có nối lại được không”\r\nRap :\r\nAnh chẳng thể nắm được duyên tình\r\nMặc dù luôn muốn giữ e cho riêng mình\r\nAnh chẳng thể giữ em lại đây\r\nMặc dù cô đơn vẫn cứ luôn bủa vây\r\nAnh biết trước 2 ta sẽ xa nhau\r\nThêm lâu rồi niềm đau sẽ thêm sâu\r\nNhưng nếu ta xa nhau thì con tim này ai khâu ?\r\nAnh biết thời gian rồi vẫn qua , thanh xuân cả 2 rồi sẽ qua\r\nNhưng có những thứ cả 2 chẳng thể xóa\r\nEm tồn tại trong anh là giấc mơ\r\nAnh đã tìm được em trong nỗi nhớ\r\nNhưng anh sống với hiện thực\r\nTình yêu còn đó chẳng kết thúc như giấc mơ\r\nEm đi qua như dòng chảy của dòng sông\r\nAnh là phiên đá cũ tự hỏi e về không ?\r\nEm đi qua dòng nước khác vẫn quanh anh\r\nNhưng anh lại cảm thấy nổi cô đơn vẫn bao quanh\r\nAnh chẳng thể mua được thời gian\r\nChẳng thể yêu ngày hôm qua\r\nCâu truyện h đã lật sang trang\r\nKết truyện là anh nhìn em rời xa.\r\nVer2\r\nVẫn kiếm tìm môi hôn vụng dại\r\nVẫn mộng mơ tiếng yêu ngày đầu\r\nMình từng hứa sẽ bên nhau dài lâu\r\nNhưng giờ đây lạc về đâu\r\n\r\nVẫn đợi chờ giờ anh tan ca\r\nVẫn dặn lòng, chia tay thôi mà\r\nBước qua nỗi đau\r\nMạnh mẽ tôi ơi\r\nBài nhạc tình tôi hát “ tình tang tang” ( tình tan tan :) )\r\n\r\nAnh cứ đi, đi tìm tình yêu mới\r\nTôi đứng đây, ôm trọn tình yêu cũ\r\nNhắn gió mây gửi đến anh đôi lời\r\n“Sợi tơ duyên, đứt đi rồi có nối lại được không”\r\n\r\nTừng giây phút, ngày xưa đó\r\nNgười có nhớ\r\nNhớ\r\nNhớ\r\nNhớ không', 10, 1),
(12, 'Mưa trong lòng', 'Bài hát: Mưa Trong Lòng - Trịnh Đình Quang \r\n\r\nĐêm nay trăng sáng anh ngồi một mình nhớ em \r\nĐêm qua anh viết vài dòng thư nhưng em không trả lời \r\nCây tre đầu ngõ đung đưa theo làn gió nhẹ \r\nTrăng vẫn sáng gió vẫn đưa, anh vẫn buồn \r\n\r\nKhông gian lặng vắng mắt anh sầu em ở đâu \r\nVà người có những thứ hơn hẳn anh, đã cướp đi em của anh \r\nAnh chỉ muốn khóc thật to, nhưng sợ mình yếu đuối \r\nThế nhưng đến nay là một đêm rất buồn \r\n\r\nSương rơi lạnh cánh tay anh ướt đẫm nước mắt \r\nAnh nhớ hình dáng lúc trước khi anh còn vẫn còn có em \r\nEm hiền hòa em đậm đà, em từng là người rất thương anh \r\nNhưng vòng tay anh không thể giữ, không thể ôm trọn lấy em \r\n\r\nAnh tuyệt vọng đau trong lòng chẳng dám nói ra \r\nChỉ có thể yếu lòng mỗi khi đêm xuống một mình \r\nVà gió cứ đưa anh vẫn mưa trong lòng rộn rã nỗi sầu \r\nChỉ có ánh trăng mới thấu được nỗi lòng của anh ', 11, 1),
(13, 'Chuyện tình tôi', 'Bài hát: Chuyện Tình Tôi - Khắc Việt \r\n\r\nCòn biết bao nhiêu nơi, \r\nAnh chưa kịp đưa em đến nữa rồi, \r\nCòn biết bao nhiêu đêm anh đã hứa sẽ ở cạnh em. \r\n\r\nHanh phúc khi bên em, \r\nNghĩ đến ngày xa nhau tim anh như vỡ vụn, \r\nBản lĩnh anh nơi đâu lý trí nói thế nhưng con tim đâu làm theo. \r\n\r\nMình chỉ muốn yêu nhau thôi, \r\nNhưng tình yêu không đủ để cản ngăn số phận, \r\nĐổ lỗi cho ai đây hay kiếp trước ta có quá nhiều nợ vay. \r\n\r\nYêu nhau bên nhau mà biết trước sẽ chia ly, \r\nThì hai ta cố gắng quên nhau đi. \r\nXung quanh hai ta mọi người luôn muốn thế mà, \r\nThì thôi xa nhau để mọi người toại nguyện nhá. \r\n\r\nAnh giữ những hạnh phúc anh giữ những kỷ niệm \r\nGhim chặt nơi đây sẽ chỉ anh biết thôi \r\nEm sẽ gặp ngừời mới, \r\nVà sẽ bên người ta để quên đi những gì đã qua \r\nAnh ước lúc vội vã tất cả là thoáng qua, để hai ta ko lún sâu thế này \r\nEm ơi anh yêu quá anh đã đăt cuộc sống vào em nhưng sao mình phải chia xa', 7, 1),
(14, 'Anh thế giới và em', 'Sẽ có người yêu em hơn anh \r\nAnh đã nói vậy ngày chia tay đứng chết lặng trông theo bóng dáng cứ xa dần \r\nĐã lâu rồi trong em vẫn thế vẫn chưa phai chuyện cũ và anh \r\nGiống như chỉ hôm qua đây thôi nỗi đau vẫn còn \r\nEm muốn được quên muốn bên người mới \r\nNhưng trong thế giới em chỉ muốn gần anh \r\nKhi ta lìa xa, biết đâu là mãi mãi \r\nBiết đâu là tàn phai một giấc mơ \r\n\r\nTình yêu khi không như mong đợi \r\nNgười ra đi cho em đơn côi \r\nCó hiểu chăng lòng em vẫn nhớ \r\nNhớ đến anh trong mỏi mòn \r\nVì anh ơi nơi cuộc đời này \r\nLòng em sẽ yêu ai hơn anh \r\nVà có lẽ trái tim giờ đây héo úa khi yêu thương một ngày lụi tàn. \r\n\r\nĐã có người yêu em hơn anh \r\nEm cứ nghĩ sẽ quên anh thôi \r\nNhững phút giây ở bên anh ấy \r\nĐôi khi em vui… \r\nThế nhưng rồi em cũng phải hiểu \r\nĐó là sai lầm khi cố tìm người thay anh \r\nEm đã khóc vì nỗi đắng cay \r\nCó lẽ về sau em nên sống mỗi riêng em \r\n\r\nTình yêu khi không như mong đợi \r\nNgười ra đi cho em đơn côi \r\nCó hiểu chăng lòng em vẫn nhớ \r\nNhớ đến anh trong mỏi mòn \r\nVì anh ơi nơi cuộc đời này \r\nLòng em sẽ yêu ai hơn anh \r\nVà có lẽ trái tim giờ đây héo úa khi yêu thương một ngày lụi tàn. \r\n\r\nEm muốn được quên, muốn bên người mới \r\nNhưng trong thế giới em chỉ muốn gần anh \r\nKhi ta lìa xa, biết đâu là mãi mãi \r\nBiết đâu là tàn phai một giấc mơ \r\n\r\nTình yêu khi như không như mong đợi \r\nNgười ra đi cho e đơn côi \r\nCó hiểu chăng lòng em vẫn nhớ \r\nNhớ đến anh trong mỏi mòn \r\nVì anh ơi nơi cuộc đời này \r\nLòng em sẽ yêu ai hơn anh \r\nVà có lẽ trái tim giờ đây héo úa khi yêu thương một ngày lụi tàn. \r\n\r\nEm yêu anh thôi \r\nEm yêu anh thôi…', 12, 1),
(15, 'Chờ một ngày nắng', 'Chẳng còn lại gì sau bao tan vỡ \r\nKhi tình yêu đã không tìm được lòng tin nên hai người càng xa nhau \r\nVẫn sẽ là những nỗi đau \r\nVà rồi không thể quay lại \r\n\r\nYêu thương bao lâu, sao quên được nhau \r\nHạnh phúc đó quá ngắn khi anh đã chấp nhận một lời chia tay \r\nĐể rồi em bước đi không nói anh nào đâu hay \r\n\r\nGóc phố cũng buồn khi thiếu vắng tiếng chân bước rộn ràng \r\nVà giọng cười của em mỗi khi gần anh \r\nEm ra đi để lại nhớ thương \r\nKỉ niệm ngọt ngào đến trong anh mỗi đêm \r\n\r\nGió vẫn âm thầm dõi theo về em đã xa \r\nGió vẫn mang lời ca đôi chúng ta \r\nChờ một ngày nắng đến mang theo yêu thương sưởi ấm trái tim \r\nNhững giấc mơ nào đến rồi lại đi thật nhanh \r\nEm như là một ánh nắng đã biến mất trong anh \r\nEm theo làn mây kia trôi đi phương nào \r\nAnh vẫn sẽ luôn nhớ về \r\nEm và những kỷ niệm \r\n\r\nI will let you, let you go \r\nAnh quên đi giấc mơ này \r\nI will let you, let you go \r\nSao khóe mắt cay cay \r\nI will let you, let you go \r\nĐể qua đi hết những gì hôm nay và phải cố quên đi giây phút chia tay \r\n\r\nLúc em quay lưng đôi chân vội đi, em rất lạnh lùng \r\nMưa đã bắt đầu rơi, \r\nTừng giọt dài trên má nhưng anh vẫn nào đâu hay \r\nRằng mãi bên cạnh anh vẫn còn một cơn mưa trong tiếc nuối \r\nNắng trong anh ở lại \r\nVẫn mong đợi chờ một ngày nắng lên \r\nĐể nắng trong anh trở về \r\nLiệu anh có thêm một lần nữa \r\nLòng tin hai ta lại sẽ có nhau chưa bao giờ vụt tắt \r\nNắng vẫn sẽ mãi mãi thuộc về mây kia để gió cứ mãi lang thang một mình \r\nCố gắng quên đi một người đã mãi mang đi những yên bình \r\nNgọt ngào yêu thương từ nơi ta hạnh phúc', 13, 1),
(16, 'Anh nhớ em nhiều lắm', 'Sương rơi buốt giá đêm từng đêm , cô đơn vây quanh căn phòng chúng ta những khi chúng ta cười đùa phút giây đắm say cho cuộc tình chúng ta. Sẽ còn đâu phút giây ấy. \r\n\r\nKết thúc kí ức của ngày qua nhưng con tim cứ hoài nhớ mong thoáng qua những câu hẹn thề nỗi đau cứ thêm từng giờ mãi thôi. ngày em đi trái tim khóc..... \r\nSao em ra đi để lại đây bao nhiêu kỉ niệm đôi mình vun đắp khi say trong giấc mơ........ \r\nnước mắt rơi trên lời thề mộng đẹp nay đã tan vỡ người đã ra đi vì ai.... \r\n\r\nngày ấy em đã nói rối đôi ta sẽ chọn đời hạnh phúc \r\nsẽ quên đi bao nhiêu no âu của cuộc đời lời nói đó tôi lặng mang mãi trong tim người ơi...dù biết chỉ là dối gian. \r\ntôi nơi đây luôn luôn nguyện cầu hạnh phúc sẽ luôn đi bên em trong những giấc mơ. \r\nngười ra đi vì ai vì tình đã đổi thay hay tại vì tôi đây nói đi người ơi', 32, 1),
(17, 'Ta còn yêu nhau', 'Góc phố này \r\nLá vẫn bay \r\nRiêng minh anh ngồi đây \r\n\r\nNgoài kia bao nhiêu kỉ niệm \r\nHai chúng minh \r\nChờ nắng sớm khi bình minh \r\n\r\nCó biết không \r\nGiữa đám đông \r\nChợt có lúc anh yếu lòng \r\n\r\nTừng ngày trôi qua sao quá dài \r\nCon tim anh mệt nhoài \r\nTự hỏi, giờ em nơi đâu?? \r\n\r\nChorus \r\n\r\nNgười yêu anh thấy những lúc em ở đây \r\nMùa đông như ấm hơn khi tay đan bàn tay \r\nKề môi em khẽ thì thầm \r\nRằng anh yêu em rất chân thành \r\n\r\nHàng cây sao vẫn mãi đứng đó trước gió \r\nVà hình như anh vẫn đang nơi đây chờ em \r\nLàm sao để nhắn một lời: \r\n‘’Em hãy quay về bên anh’’ \r\n\r\nCoda: \r\nNgười ơi xin hãy thật lòng \r\nHãy nói, TA CÒN YÊU NHAU.', 12, 1),
(18, 'Đếm ngày xa em', 'Ngọt lắm những lúc em nắm đôi tay \r\nVà hứa sẽ mãi yêu chỉ anh đây \r\nTừ khi em qua nơi này \r\nAnh thấy vui biết mấy \r\nRồi nắng sớm mới ấm vẫn chưa vơi \r\nCon tim vang tiếng ca vui cười \r\nVì em mang niềm vui tới nơi anh \r\nNhư người may mắn nhất trên đời \r\n\r\nNào đâu..... \r\nChẳng đc bấy lâu \r\nLại phải xa cách nhau \r\nCố nén nỗi đau khi cơn mưa ngâu vụn vỡ \r\nĐêm về lại mơ \r\nSớm ra lại bơ vơ còn xa em là nhớ \r\n\r\n\r\nChỉ là đôi môi \r\nChỉ là.. \r\nVài câu yêu thương thôi mà \r\nEm đã khiến anh yêu em mãi không thể phai phôi \r\nAnh mong em đừng thay đổi \r\nVì anh đã quá yêu em mất rồi \r\nVì yêu em ,xa em quanh anh chỉ còn bóng tối \r\nChờ đợi ngày mai \r\nChờ... \r\nMột ngày gần trong tương lai \r\nChờ... \r\nNgày 2 ta đc sánh đôi vai được bên nhau mãi mãi \r\ndẫu .. \r\nAnh có làm gì sai \r\nCũng sẽ không một ai có thể chia 2 ta chung bước mãi \r\ntrên một con đường dài..... \r\n\r\nĐếm,đếm,đếm,đếm,đếm,....... \r\nAnh đếm ngày xa em \r\n...... \r\nRap : \r\n\r\n1,2,3,4,5,6,7 ...ngày trôi, \r\nBiết em giờ có nhớ về anh hay nhớ về ai \r\nBao ngày thật là dài khi anh không có em ở bên cạnh \r\nAnh cảm thấy rất giá lạnh \r\nMà làm sao cho em hiểu thấu khi mình không ở bên nhau \r\n... \r\nMonday ..tuesday...wednesday...thursday...friday ...saturday...sun day.. \r\nOh week \r\nAnh... chẳng thể nghĩ về ai chỉ nghĩ về em \r\nNỗi buồn thì anh không thể đếm \r\nNỗi nhớ em thì lại càng tăng thêm \r\nNgọt ngào đôi môi không thể nếm \r\nPhải làm sao khi không em mỗi đêm...', 9, 1),
(19, 'I lay my love on you', 'Just a smile and the rain is gone \r\nCan hardly believe it (yeah) \r\nThere\'s an angel standing next to me \r\nReaching for my heart \r\n\r\nJust a smile and there\'s no way back \r\nCan hardly believe it (yeah) \r\nBut there\'s an angel, she\'s calling me \r\nReaching for my heart \r\nI know, that I\'ll be ok now \r\nThis time it\'s real \r\n\r\nI lay my love on you \r\nIt\'s all I wanna do \r\nEverytime I breathe I feel brand new \r\nYou open up my heart \r\nShow me all your love, and walk right through \r\nAs I lay my love on you \r\n\r\nI was lost in a lonely place \r\nCould hardly even believe it (yeah) \r\nHolding on to yesterdays \r\nFar, far too long \r\n\r\nNow I believe its ok cause this time it\'s real \r\n\r\nI lay my love on you \r\nIt\'s all I wanna do \r\nEverytime I breathe I feel brand new \r\nYou open up my heart \r\nShow me all your love, and walk right through \r\nAs I lay my love on you \r\n\r\nI never knew that love could fell so good \r\n\r\nLike once in a lifetime \r\nYou change my world \r\n\r\nI lay my love on you \r\nYou make me feel brand new \r\nShow me all your love, and walk right through \r\nAs I lay my love on you \r\n\r\nI lay my love on you \r\nIt\'s all I wanna do \r\nEverytime I breathe I feel brand new \r\nYou open up my heart \r\nShow me all your love, and walk right through \r\nAs I lay my love on you \r\n\r\nI lay my love on you \r\nYou make me feel brand new \r\nYou open up my heart \r\nShow me all your love, and walk right through \r\nAs I lay my love on you \r\n\r\nAs I lay my love on you ', 17, 2),
(20, 'Despacito', 'Ay \r\nFonsi, DY \r\nOh, oh no, oh no (ey) \r\nHey, yeah, diri-diri-diriridi, Daddy, go! \r\n\r\nSí, sabes que ya llevo un rato mirándote \r\nTengo que bailar contigo hoy \r\nVi que tu mirada ya estaba llamándome \r\nMuéstrame el camino, que yo voy \r\n\r\nOh, tú, tú eres el imán y yo soy el metal \r\nMe voy acercando y voy armando el plan \r\nSólo con pensarlo, se acelera el pulso \r\n\r\nYa, ya me estás gustando más de lo normal \r\nTodos mis sentidos van pidiendo más \r\nEsto hay que tomarlo sin ningún apuro \r\n\r\nDespacito \r\nQuiero respirar tu cuello despacito \r\nDeja que te diga cosas al oído \r\nPara que te acuerdes si no estás conmigo \r\n\r\nDespacito \r\nQuiero desnudarte a besos despacito \r\nFirmar las paredes de tu laberinto \r\nY hacer de tu cuerpo todo un manuscrito \r\n\r\nQuiero ver bailar tu pelo, quiero ser tu ritmo \r\nQue le enseñes a mi boca tus lugares favoritos \r\nDéjame sobrepasar tus zonas de peligro \r\nHasta provocar tus gritos y que olvides tu apellido \r\n\r\nSi te pido un beso, ven, dámelo \r\nYo sé que estás pensándolo \r\nLlevo tiempo intentándolo \r\nMami, esto es dando y dándolo \r\n\r\nSabes que tu corazón conmigo te hace bam-bam \r\nSabes que esa beba está buscando de mi bam-bam \r\n\r\nVen, prueba de mi boca para ver cómo te sabe \r\nQuiero, quiero, quiero ver cuánto amor a ti te cabe \r\nYo no tengo prisa, yo me quiero dar el viaje \r\nEmpezamos lento, después salvaje \r\n\r\nPasito a pasito, suave, suavecito \r\nNos vamos pegando poquito a poquito \r\nCuando tú me besas con esa destreza \r\nCreo que eres malicia con delicadeza \r\n\r\nPasito a pasito, suave, suavecito \r\nNos vamos pegando poquito a poquito \r\nY es que esa belleza es un rompecabezas \r\nPero pa\' montarlo, aquí tengo la pieza, oye \r\n\r\nDespacito \r\nQuiero respirar tu cuello despacito \r\nDeja que te diga cosas al oído \r\nPara que te acuerdes si no estás conmigo \r\n\r\nDespacito \r\nQuiero desnudarte a besos despacito \r\nFirmar las paredes de tu laberinto \r\nY hacer de tu cuerpo todo un manuscrito \r\n\r\nQuiero ver bailar tu pelo, quiero ser tu ritmo \r\nQue le enseñes a mi boca tus lugares favoritos \r\nDéjame sobrepasar tus zonas de peligro \r\nHasta provocar tus gritos y que olvides tu apellido \r\n\r\nDespacito \r\nVamo\' a hacerlo en una playa en Puerto Rico \r\nHasta que las olas griten: ¡Ay, Bendito! \r\nPara que mi sello se quede contigo (báilalo) \r\n\r\nPasito a pasito, suave, suavecito \r\nNos vamos pegando poquito a poquito \r\nQue le enseñes a mi boca tus lugares favoritos \r\n\r\nPasito a pasito, suave, suavecito \r\nNos vamos pegando poquito a poquito \r\nHasta provocar tus gritos y que olvides tu apellido \r\nDespacito', 15, 2),
(21, 'Photograph', 'Loving can hurt, loving can hurt sometimes \r\nBut it\'s the only thing that I know \r\nWhen it gets hard, you know it can get hard sometimes \r\nIt is the only thing that makes us feel alive \r\n\r\nWe keep this love in a photograph \r\nWe made these memories for ourselves \r\nWhere our eyes are never closing \r\nHearts are never broken \r\nAnd time\'s forever frozen still \r\n\r\nSo you can keep me \r\nInside the pocket of your ripped jeans \r\nHolding me closer \'til our eyes meet \r\nYou won\'t ever be alone, wait for me to come home \r\n\r\nLoving can heal, loving can mend your soul \r\nAnd it\'s the only thing that I know, know \r\nI swear it will get easier, \r\nRemember that with every piece of you \r\nAnd it\'s the only thing we take with us when we die \r\n\r\nWe keep this love in this photograph \r\nWe made these memories for ourselves \r\nWhere our eyes are never closing \r\nhearts are never broken \r\nAnd time\'s forever frozen still \r\n\r\nSo you can keep me \r\nInside the pocket of your ripped jeans \r\nHolding me closer \'til our eyes meet \r\nYou won\'t ever be alone \r\n\r\nAnd if you hurt me \r\nThat\'s okay baby, only words bleed \r\nInside these pages you just hold me \r\nAnd I won’t ever let you go \r\nWait for me to come home \r\nWait for me to come home \r\nWait for me to come home \r\nWait for me to come home \r\n\r\nYou can fit me \r\nInside the necklace you got when you were sixteen \r\nNext to your heartbeat where I should be \r\nKeep it deep within your soul \r\n\r\nAnd if you hurt me \r\nWell, that\'s okay baby, only words bleed \r\nInside these pages you just hold me \r\nAnd I won’t ever let you go \r\n\r\nWhen I\'m away, I will remember how you kissed me \r\nUnder the lamppost back on Sixth street \r\nHearing you whisper through the phone, \r\n\"Wait for me to come home.\"', 16, 2),
(22, 'Tired', 'I see those tears in your eyes \r\nI feel so helpless inside \r\nOh love, there\'s no need to hide \r\nJust let me love you when your heart is tired \r\n\r\n[Verse 1] \r\nCold hands, red eyes \r\nPacked your bags at midnight \r\nThey\'ve been there for weeks \r\nI don\'t what came by me \r\n\r\n[Pre-Chorus] \r\nJust roll up a cigarette \r\nJust forget about this mess \r\nBeen waiting on the sidelines \r\nFrom the sidelines \r\n\r\n[Chorus] \r\nI see those tears in your eyes \r\nAnd I feel so helpless inside \r\nOh love, there\'s no need to hide \r\nJust let me love you when your heart is tired \r\nIf your ghost pulls you up high \r\nAnd it feels like you\'ve lost who you are \r\nMy love, there\'s no need to hide \r\nJust let me love you when your heart is tired \r\nJust let me love you \r\nJust let me love you \r\nJust let me love you \r\nJust let me love you \r\nJust let me love you when your heart is tired \r\n\r\n[Verse 2] \r\nWhen you whisper, I\'m alright \r\nBut I see through your white lies \r\nBut these walls don’t talk \r\nAnd if they could, they’d say \r\n\r\n[Pre-Chorus] \r\nCan\'t hide the secrets \r\nYou can\'t forget about this mess \r\nI\'m waiting on the sidelines \r\nFrom the sidelines \r\n\r\n[Chorus] \r\nI see those tears in your eyes \r\nAnd I feel so helpless inside \r\nOh love, there\'s no need to hide \r\nJust let me love you when your heart is tired \r\nIf your ghost pulls you up high \r\nAnd it feels like you\'ve lost who you are \r\nMy love, there\'s no need to hide \r\nJust let me love you when your heart is tired \r\nJust let me love you \r\nJust let me love you \r\nJust let me love you \r\nJust let me love you \r\nJust let me love you when your heart is tired \r\nI see those tears in your eyes \r\nAnd I feel so helpless inside \r\nMy love, there\'s no need to hide \r\nJust let me love you when your heart is tired', 14, 2),
(23, 'All falls down', 'What\'s the trick? I wish I knew \r\nI\'m so done with thinking through all the things I could\'ve been \r\nAnd I know you wonder too \r\nAll it takes is that one look at you and I run right back to you \r\nYou crossed the line and it\'s time to say F you \r\nWhat\'s the point in saying that when you know how I\'ll react? \r\nYou think you can just take it back, but shit just don\'t work like that \r\nYou\'re the drug that I\'m addicted to, and I want you so bad \r\nGuess I\'m stuck with you, and that\'s that \r\n\r\n[Chorus: Noah Cyrus] \r\n\'Cause when it all falls down, then whatever \r\nWhen it don\'t work out for the better \r\nIf we just ain\'t right, and it\'s time to say goodbye \r\nWhen it all falls down, when it all falls down \r\nI\'ll be fine, I\'ll be fine \r\nYou\'re the drug that I\'m addicted to \r\nAnd I want you so bad, but I\'ll be fine \r\n\r\n[Verse 2: Juliander & Noah Cyrus] \r\nWhy we fight? I don\'t know \r\nWe say what hurts the most \r\nOh, I tried staying cold, but you take it personal \r\nAll these firing shots and making grounder \r\nIt\'s way too hard to cope, but I still can\'t let you go \r\n\r\n\r\n[Chorus: Noah Cyrus & Juliander] \r\n\'Cause when it all falls down, then whatever \r\nWhen it don\'t work out for the better \r\nIf we just ain\'t right, and it\'s time to say goodbye \r\nWhen it all falls down, when it all falls down \r\nI\'ll be fine, I\'ll be fine \r\nYou\'re the drug that I\'m addicted to and I want you so bad \r\nBut I\'ll be fine \r\n\r\n[Bridge] \r\nI\'ll be fine-ine-fine, fine-ine-ine \r\nI\'ll be fine-ine-fine, fine-ine-ine \r\nI\'ll be fine-ine-fine, fine-ine-ine \r\nI\'ll be fine-ine-fine, fine \r\n\r\n[Chorus: Noah Cyrus & Juliander, (Noah Cyrus, Juliander)] \r\n\'Cause when it all falls down, then whatever \r\n(Then whatever, babe) \r\nWhen it don\'t work out for the better (For the better) \r\nIf we just ain\'t right, and it\'s time to say goodbye \r\nWhen it all falls down (When it all, when it all) \r\nWhen it all falls down (When it all falls down) \r\nI\'ll be fine (Fine, fine, fine), I\'ll be fine (I\'ll be fine) \r\nYou\'re the drug that I\'m addicted to and I want you so bad \r\nBut I\'ll be fine (I\'ll be fine), and that\'s that', 14, 2),
(24, 'Uptown Funk', 'Doh \r\nDoh doh doh, doh doh doh, doh doh \r\nDoh doh doh, doh doh doh, doh doh \r\nDoh doh doh, doh doh doh, doh doh \r\nDoh doh doh, doh duh (Aaaaaaow!) \r\n\r\nThis hit \r\nThat ice cold \r\nMichelle Pfeiffer \r\nThat white gold \r\nThis one, for them hood girls \r\nThem good girls \r\nStraight masterpieces \r\nStylin\', while in \r\nLivin\' it up in the city \r\nGot Chucks on with Saint Laurent \r\nGotta kiss myself I\'m so pretty \r\n\r\nI\'m too hot (hot damn) \r\nCalled a police and a fireman \r\nI\'m too hot (hot damn) \r\nMake a dragon wanna retire, man \r\nI\'m too hot (hot damn) \r\nSay my name you know who I am \r\nI\'m too hot (hot damn) \r\nAm I bad \'bout that money \r\nBreak it down \r\n\r\nGirls hit you hallelujah (whuoo) \r\nGirls hit you hallelujah (whuoo) \r\nGirls hit you hallelujah (whuoo) \r\n\'Cause Uptown Funk gon\' give it to you \r\n\'Cause Uptown Funk gon\' give it to you \r\n\'Cause Uptown Funk gon\' give it to you \r\nSaturday night and we in the spot \r\nDon\'t believe me, just watch (Come on) \r\n\r\nDoh \r\nDoh doh doh, doh doh doh, doh doh (Hah!) \r\n\r\nDon\'t believe me, just watch \r\n\r\nDoh \r\nDoh doh doh, doh doh doh, doh doh (Hah!) \r\n\r\nDon\'t believe me, just watch \r\nDon\'t believe me, just watch \r\nDon\'t believe me, just watch \r\nDon\'t believe me, just watch \r\nHey, hey, hey, oh! \r\n\r\nStop \r\nWait a minute \r\nFill my cup put some liquor in it \r\nTake a sip, sign a check \r\nJulio! Get the stretch! \r\nRide to Harlem, Hollywood, Jackson, Mississippi \r\nIf we show up, we gon\' show out \r\nSmoother than a fresh jar o\' Skippy \r\n\r\nI\'m too hot (hot damn) \r\nCalled a police and a fireman \r\nI\'m too hot (hot damn) \r\nMake a dragon wanna retire, man \r\nI\'m too hot (hot damn) (hot damn) \r\nBitch, say my name you know who I am \r\nI\'m too hot (hot damn) \r\nAm I bad \'bout that money \r\nBreak it down \r\n\r\nGirls hit your hallelujah (whuoo) \r\nGirls hit your hallelujah (whuoo) \r\nGirls hit your hallelujah (whuoo) \r\n\'Cause Uptown Funk gon\' give it to you \r\n\'Cause Uptown Funk gon\' give it to you \r\n\'Cause Uptown Funk gon\' give it to you \r\nSaturday night and we in the spot \r\nDon\'t believe me, just watch (come on) \r\n\r\nDoh \r\nDoh doh doh, doh doh doh, doh doh (Hah!) \r\n\r\nDon\'t believe me, just watch \r\n\r\nDoh \r\nDoh doh doh, doh doh doh, doh doh (Hah!) \r\n\r\nDon\'t believe me, just watch \r\nDon\'t believe me, just watch \r\nDon\'t believe me, just watch \r\nDon\'t believe me, just watch \r\nHey, hey, hey, oh! \r\n\r\nBefore we leave \r\nLet me tell y\'all a lil\' something \r\nUptown Funk you up, Uptown Funk you up \r\nUptown Funk you up, Uptown Funk you up \r\nI said Uptown Funk you up, Uptown Funk you up \r\nUptown Funk you up, Uptown Funk you up \r\n\r\nCome on, dance \r\nJump on it \r\nIf you sexy then flaunt it \r\nIf you freaky then own it \r\nDon\'t brag about it, come show me \r\nCome on, dance \r\nJump on it \r\nIf you sexy then flaunt it \r\nWell it\'s Saturday night and we in the spot \r\nDon\'t believe me, just watch (come on) \r\n\r\nDoh \r\nDoh doh doh, doh doh doh, doh doh (Hah!) \r\n\r\nDon\'t believe me, just watch \r\n\r\nDoh \r\nDoh doh doh, doh doh doh, doh doh (Hah!) \r\n\r\nDon\'t believe me, just watch \r\nDon\'t believe me, just watch \r\nDon\'t believe me, just watch \r\nDon\'t believe me, just watch \r\nHey, hey, hey, oh! \r\n\r\nUptown Funk you up, Uptown Funk you up (say whaa?!) \r\nUptown Funk you up, Uptown Funk you up \r\nUptown Funk you up, Uptown Funk you up (say whaa?!) \r\nUptown Funk you up, Uptown Funk you up \r\nUptown Funk you up, Uptown Funk you up (say whaa?!) \r\nUptown Funk you up, Uptown Funk you up \r\nUptown Funk you up, Uptown Funk you up (say whaa?!) \r\nUptown Funk you up \r\nAaaaaaow!', 18, 2),
(25, 'I do', 'My whole world changed from the moment I met you \r\nAnd it would never be the same \r\nFelt like I knew that I’d always love you \r\nFrom the moment I heard your name \r\n\r\nBridge 1: \r\nEverything was perfect, I knew this love is worth it \r\nOur own micracle in the makin’ \r\n‘Til the world stops turning \r\nI’ll still be here waiting and waiting to make that vow that I’ll… \r\n\r\nChorus: \r\nI’ll be by your side, ‘til the day I die \r\nI’ll be waiting ‘til hear you say I Do \r\nSomething old, something new \r\nSomething borrowed, something blue \r\nI’ll be waiting ‘til I hear you say I Do \r\n\r\nVer 2: \r\nSmiles by the thousands, ya tears have all dried out \r\n‘Cos I won’t see you cry again \r\nThrow pennies in the fountain, and look at what comes out \r\nSometimes wishes do come true \r\n\r\nBridge 1: \r\nEverything was perfect, I knew this love is worth it \r\nOur own micracle in the makin’ \r\n‘Til the world stops turning \r\nI’ll still be here waiting and waiting to make that vow that I’ll… \r\n\r\nChorus: \r\nI’ll be by your side, ‘til the day I die \r\nI’ll be waiting ‘til hear you say I Do \r\nSomething old, something new \r\nSomething borrowed, something blue \r\nI’ll be waiting ‘til I hear you say I Do \r\n\r\nMiddle 8: \r\nAlways better than worse, protect you from the hurt \r\nI’ll be waiting ‘til hear you say I Do \r\nI Do love you, yes I Do love you \r\nI’ll be waiting ‘til hear you say I Do \r\nCoz I love you, love you … \r\n\r\n(Chorus) \r\n\r\nWe’re shining lie a diamond, just look at us now, \r\nI wanna hear you say I Do', 19, 2),
(26, 'Notthing\'s gonna change my love for you', 'If I had to live without you near me\r\nThe days would all be empty\r\nThe nights would seem so long\r\nWith you I see forever oh, so clearly\r\nI might have been in love before\r\nBut it never felt this strong\r\n\r\nOur dreams are young and we both know\r\nThey\'ll take us where we want to go\r\nHold me now, touch me now\r\nI don\'t want to live without you.\r\n\r\nNothings gonna change my love for you\r\nYou oughta know by now how much I love you\r\nOne thing you can be sure of\r\nI\'ll never ask for more than your love\r\n\r\nNothing\'s gonna change my love for you\r\nYou ought know by now how much I love you\r\nThe world may change my whole life through\r\nBut nothing\'s gonna change my love for you\r\n\r\nIf the road ahead is not so easy,\r\nOur love will lead the way for us\r\nLike a guiding star\r\nI\'ll be there for you if you should need me\r\nYou don\'t have to change a thing\r\nI love you just the way you are\r\nSo come with me and share the view\r\nI\'ll help you see forever too.\r\n\r\nHold me now, touch me now\r\nI don\'t want to live without you.\r\n\r\nNothings gonna change my love for you\r\nYou ought to know by now how much I love you\r\nThe world may change my whole life through\r\nBut nothings gonna change my love for you.', 17, 2),
(27, 'Shape of you', 'The club isn’t the best place to find a lover\r\nSo the bar is where I go \r\nMe and my friends at the table doing shots drinking fast and then we talk slow\r\nyou come over and start up a conversation with just me and trust me I’ll give it a chance now\r\nTake my hand stop, put van the man on the jukebox and then we start to dance\r\nAnd now I’m singing like\r\n\r\nGirl you know I want your love\r\nYour love was handmade for somebody like me\r\nCome on now follow my lead\r\nI may be crazy don’t mind me \r\nSay boy let’s not talk too much \r\nGrab on my waist and put that body on me\r\nCome on now follow my lead\r\nCome come on now follow my lead\r\n\r\nI’m in love with the shape of you\r\nWe push and pull like a magnet do\r\nAlthough my heart is falling too\r\nI’m in love with your body\r\nLast night you were in my room \r\nAnd now my bed sheets smell like you \r\nEvery day discovering something brand new\r\nI’m in love with your body\r\n\r\nOh I X 4\r\nI’m in love with your body\r\nOh I X 4\r\nI’m in love with your body\r\nOh I X 4\r\nI’m in love with your body\r\nEvery day discovering something brand new\r\nI’m in love with the shape of you \r\n\r\nOne week in we let the story begin\r\nWe’re going out on our first date\r\nYou and me are thrifty\r\nSo go all you can eat \r\nFill up your bag and I fill up a plate\r\nWe talk for hours and hours about the sweet and the sour\r\nAnd how your family’s doing ok\r\nleave and get in a taxi, then kiss in the backseat\r\nTell the driver make the radio play\r\nand I\'m singing like\r\n\r\nGirl you know I want your love\r\nYour love was handmade for somebody like me\r\nCome on now follow my lead \r\nI may be crazy, don’t mind me\r\nSay boy let’s not talk too much \r\nGrab on my waist and put that body on me\r\nCome on now follow my lead\r\nCome come on now follow my lead\r\n\r\nI’m in love with the shape of you\r\nWe push and pull like a magnet do\r\nAlthough my heart is falling too\r\nI’m in love with your body\r\nLast night you were in my room \r\nAnd now my bed sheets smell like you \r\nEvery day discovering something brand new\r\n\r\nWell I’m in love with your body\r\nOh I x 4 \r\nI’m in love with your body\r\nOh I x 4\r\nI’m in love with your body\r\nOh I X 4\r\nI’m in love with your body\r\nEvery day discovering something brand new\r\nI’m in love with the shape of you \r\n\r\nCome on be my baby come on X 8\r\n\r\nI’m in love with the shape of you\r\nWe push and pull like a magnet do\r\nAlthough my heart is falling too\r\nI’m in love with your body\r\nLast night you were in my room \r\nAnd now my bed sheets smell like you \r\nEvery day discovering something brand new\r\n\r\nWell I’m in love with your body\r\nCome on be my baby come on X 6\r\nEvery day discovering something brand new\r\nI’m in love with the shape of you', 16, 2),
(28, 'I lay my love on you', 'Just a smile and the rain is gone\r\nCan hardly believe it (yeah)\r\nThere\'s an angel standing next to me\r\nReaching for my heart\r\n\r\nJust a smile and there\'s no way back \r\nCan hardly believe it (yeah)\r\nBut there\'s an angel, she\'s calling me\r\nReaching for my heart\r\n\r\nI know, that I\'ll be ok now\r\nThis time it\'s real\r\n\r\nI lay my love on you\r\nIt\'s all I wanna do\r\nEverytime I breathe I feel brand new\r\nYou open up my heart\r\nShow me all your love, and walk right through\r\nAs I lay my love on you\r\n\r\nI was lost in a lonely place\r\nCould hardly even believe it (yeah)\r\nHolding on to yesterdays\r\nFar, far too long', 17, 2),
(29, 'Let her go', 'Well you only need the light when it\'s burning low\r\nOnly miss the sun when it starts to snow\r\nOnly know you love her when you let her go\r\n\r\nOnly know you\'ve been high when you\'re feeling low\r\nOnly hate the road when you\'re missin\' home\r\nOnly know you love her when you let her go\r\nAnd you let her go\r\n\r\nStaring at the bottom of your glass\r\nHoping one day you\'ll make a dream last\r\nBut dreams come slow and they go so fast\r\n\r\nYou see her when you close your eyes\r\nMaybe one day you\'ll understand why\r\nEverything you touch surely dies\r\n\r\nBut you only need the light when it\'s burning low\r\nOnly miss the sun when it starts to snow\r\nOnly know you love her when you let her go\r\n\r\nOnly know you\'ve been high when you\'re feeling low\r\nOnly hate the road when you\'re missin\' home\r\nOnly know you love her when you let her go\r\n\r\nStaring at the ceiling in the dark\r\nSame old empty feeling in your heart\r\n\'Cause love comes slow and it goes so fast\r\n\r\nWell you see her when you fall asleep\r\nBut never to touch and never to keep\r\n\'Cause you loved her too much\r\nAnd you dived too deep\r\n\r\nWell you only need the light when it\'s burning low\r\nOnly miss the sun when it starts to snow\r\nOnly know you love her when you let her go\r\n\r\nOnly know you\'ve been high when you\'re feeling low\r\nOnly hate the road when you\'re missin\' home\r\nOnly know you love her when you let her go\r\n\r\nAnd you let her go\r\nAnd you let her go\r\nWell you let her go\r\n\r\n\'Cause you only need the light when it\'s burning low\r\nOnly miss the sun when it starts to snow\r\nOnly know you love her when you let her go\r\n\r\nOnly know you\'ve been high when you\'re feeling low\r\nOnly hate the road when you\'re missin\' home\r\nOnly know you love her when you let her go\r\n\r\n\'Cause you only need the light when it\'s burning low\r\nOnly miss the sun when it starts to snow\r\nOnly know you love her when you let her go\r\n\r\nOnly know you\'ve been high when you\'re feeling low\r\nOnly hate the road when you\'re missin\' home\r\nOnly know you love her when you let her go\r\n\r\nAnd you let her go', 20, 2),
(30, '1 Phút', 'Đã bao lâu , lòng này anh chẳng nói \r\nNói với em , ngàn lời a cất giữ trong tim \r\nLần này đến lần khác , đôi môi cứ lãng phí chẳng nói gì \r\nChỉ biết cạnh em , dù cho em chẳng để ý \r\n\r\nVà rồi em đã có người em yêu \r\nMĩm cười cho qua hết đi \r\nPhải chăng là do người đến sau , yêu em thật nhiều , đã nói thay anh những lời a mong ước \r\n\r\nVẫn chúc cho em thật vui , mặc anh bên lề của hạnh phúc \r\nNhững phút giây ta đã qua , anh sẽ giữ như thước phim \r\nĐể khi nhớ em anh xem và ước rằng thực tế sẽ như vậy \r\nỞ nơi đó thời gian như ngừng trôi , hỡi em \r\n1 phút đứng trước mặt em , 1 phút nói ra lời chưa nói \r\n1 phút mạnh mẽ từ anh , ta vẫn sẽ chung lối đi \r\nAnh chẳng thể nào quay lại , để bây giờ chẳng nói giá như \r\nGiá như em hiểu rằng , giá như em 1 lần nhìn được , từ ánh mắt anh ! \r\n\r\nVì trái tim anh cần em , vì với anh em là duy nhất \r\nThế nhưng bây giờ đây , chẳng thể đến được với nhau \r\nAnh đã sai thật rồi , anh sai thật rồi \r\n\r\nVì cứ mãi giữ lời yêu em trong trái tim​', 21, 1),
(31, 'Mùa yêu cũ', 'Đêm lại về, đêm tối tăm đêm lạnh căm. \r\nNhìn mưa hắt lên ô cửa sổ, cuốn theo bao nhiêu tiếng lòng. \r\nEm lại về, giăng kín bao nhiêu niềm tin. \r\nNgày em mang theo tất cả ngọt ngào đến ai. \r\nRe-chorus: \r\nRồi từng chiều cơn đau miên man kéo theo nỗi buồn. \r\nTập quen đi qua lối cũ hằng ngày, tập quen khi không có em nữa. \r\nAnh không trông, thật lòng không mong cho dù thấp thoáng thấy dáng em. \r\nMùi hương thân quen khi xưa.. \r\n\r\nĐK: \r\n\r\nNgười đâu có biết rằng, lúc xưa anh yêu riêng em mà thôi. \r\nNgươi yêu hỡi bờ môi hỡi cớ sao hững hờ. \r\nGiờ bên em còn bao tiếng nói ngọt ngào bao vòng tay khát khao. \r\nNên thôi đã lỡ, em ơi đừng chờ. \r\n\r\nVer 2: \r\n\r\nEm cần gì? Khi chúng ta đâu còn chi. \r\nTình xưa hư hao tất cả bởi vì, với em không sao cho vừa. \r\nAnh còn gì? Em thấy không? Anh còn chi? \r\nNiềm tin trao em đã hết, tình yêu cho em cũng chết, anh có chi? \r\n\r\nRe-chorus: \r\n\r\nRồi từng chiều con tim yếu đuối bước qua nỗi buồn. \r\nTập quen đi qua lối cũ hằng ngày, tập quen khi không có em nữa. \r\nAnh không trông, thật lòng không mong cho dù thấp thoáng thấy dáng em. \r\nMùi hương thân quen khi xưa. \r\n\r\nĐK: \r\n\r\nNgười đâu có biết rằng, lúc xưa anh yêu riêng em mà thôi. \r\nNgươi yêu hỡi bờ môi hỡi cớ sao hững hờ. Ú u ù u... \r\nGiờ bên em còn bao tiếng nói ngọt ngào bao vòng tay khát khao. \r\nNên thôi đã lỡ, em ơi đừng chờ. \r\n\r\nDẫu ngày sau \r\nDẫu buồn đau \r\nDẫu cho anh cô đơn, dẫu nụ cười khô héo \r\nAnh không trong tình yêu nơi em còn ấm... \r\nGiờ bên em còn bao tiếng nói ngọt ngào bao vòng tay khát khao. \r\nNên thôi đã lỡ, em về đi.', 30, 1);
INSERT INTO `baihat` (`idBaihat`, `TenBaihat`, `LoiBaihat`, `idNhacsi`, `idQuocgia`) VALUES
(32, 'Chạm Khẽ Tim Anh Một Chút Thôi ', 'Chạm nhẹ vào đôi mắt \r\nChạm nhẹ vào bờ vai \r\nChạm nhẹ vào đôi môi \r\nNgày mai xa anh rồi \r\n\r\nChạm nhẹ vào trí nhớ \r\nChạm nhẹ vào cơn mơ \r\nMình đã chạm khẽ vào nhau những ngày ngây thơ \r\n\r\nAnh yêu cô gái nhỏ bé \r\nTin vào những lời bài hát \r\nTin rằng nếu khóc trong mưa sẽ bớt đau hơn \r\nAnh yêu cô gái năm ấy \r\nTin vào những điều viển vông \r\nRằng tay và tay sẽ nắm lấy nhau tận cuối cuộc đời \r\n\r\nThời gian xoá đi những ngây thơ những điều vội vàng như trong giấc mơ \r\nĐể lại những cơn đau vu vơ chẳng còn bất ngờ \r\nMột mai sớm kia em có thấy giữa lồng ngực mình đau khi nhớ anh \r\nThì đừng vội khóc hãy xiết tay anh nơi e bình yên \r\n\r\nĐừng hôn nếu môi em chưa quên dư vị ngọt ngào hai ta đã trao \r\nĐừng ôm nếu em thấy anh ta chẳng thể vỗ về \r\nĐừng tin nếu chia tay anh ta nói rằng mình không xứng đáng với em \r\nVà đừng vội khóc anh vẫn ở đây cho em bình yên \r\nChạm khẽ tim anh một chút thôi mai xa rồi', 6, 1),
(33, 'Mãi Mãi Bên Nhau', 'Em là ai giữa cuộc đời này \r\nEm từ đâu bước đến nơi đây \r\nLàm tôi say...Làm tôi khát khao \r\nTrao nhau tin yêu ngọt ngào. \r\n\r\nSao đôi ta cứ hoài ngập ngừng \r\nKhi đôi tim giục tiếng yêu thương \r\nĐừng ngại chi... Vì từ bấy lâu \r\nLòng thầm mơ được sánh đôi. \r\n\r\n\r\nDẫu có nắng hay mưa mai sau dòng đời cuốn xoay \r\nLắm lúc đôi ta giận hờn mang bao lỗi lầm \r\nDù mai sau... mình già nua \r\nThì tình anh vẫn mãi... mãi không đổi dời \r\n\r\nSẽ mãi chở che cho em một đời về sau \r\nMãi vững tin cho em một bờ vai ấm êm \r\nKhi em yếu lòng... khi em mỏi mệt \r\nAnh vẫn mãi... mãi không đổi dời. \r\n\r\nBabe! (babe) \r\n\"Doo you wan-na marry me...\" \r\n\r\nDo you wanna marry me???', 23, 1),
(34, 'Như Phút Ban Đầu', 'Vì em anh như người điên mất trí \r\nVì em anh như chẳng còn biết nghĩ suy \r\nVì anh đã trót lỡ đắm say em không bận tâm mai sau thế nào \r\nDù mai sau kia gập gềnh sóng gió \r\nDù mai sau kia dòng đời có cuốn xoay \r\nDù nhắm mắt anh vẫn nắm tay em như ngày ta bắt đầu \r\n\r\nNhìn vào sâu đôi mắt \r\nEm có biết trong anh muốn nói điều gì \r\nRằng từ lâu đôi ta đã thuộc về nhau \r\nNgười làm anh gục ngã \r\nTừ ánh mắt đôi môi cử chỉ mỉm cười \r\nRằng từ đây anh muốn bên em suốt đời \r\n\r\nVì em anh như người điên mất trí \r\nVì em anh như chẳng còn biết nghĩ suy \r\nVì anh đã trót lỡ đắm say em không bận tâm mai sau thế nào \r\nDù mai sau kia gập gềnh sóng gió \r\nDù mai sau kia dòng đời có cuốn xoay \r\nDù nhắm mắt anh vẫn nắm tay em như ngày ta bắt đầu \r\n\r\nDẫu ngày mưa hay ngày nắng chói chang \r\nEm vẫn cứ dịu dàng, vẫn muốn bên em thật lâu \r\nPhút đầu tiên em đã lấy mất đi linh hồn \r\nNgười làm anh xót xa con tim ngỡ ngàng \r\nVì em anh như người điên mất trí \r\nVì em anh như chẳng còn biết nghĩ suy \r\nVì anh đã trót lỡ đắm say em không bận tâm mai sau thế nào \r\nDù mai sau kia gập gềnh sóng gió \r\nDù mai sau kia dòng đời có cuốn xoay \r\nDù nhắm mắt anh vẫn nắm tay em như ngày ta bắt đầu \r\n\r\nVì em anh như người điên mất trí \r\nVì em anh như chẳng còn biết nghĩ suy \r\nVì anh đã trót lỡ đắm say em không bận tâm mai sau thế nào \r\nDù mai sau kia gập gềnh sóng gió \r\nDù mai sau kia dòng đời có cuốn xoay \r\nDù nhắm mắt anh vẫn nắm tay em như ngày ta bắt đầu \r\n\r\nVì em anh như người điên mất trí \r\nVì em anh như chẳng còn biết nghĩ suy \r\nVì anh đã trót lỡ đắm say em không bận tâm mai sau thế nào \r\nDù mai sau kia gập gềnh sóng gió \r\nDù mai sau kia dòng đời có cuốn xoay \r\nDù nhắm mắt anh vẫn nắm tay em như ngày ta bắt đầu', 23, 1),
(35, 'Cause I Love You', 'Khép kín ký ức ấy vào tim \r\nAnh khép kín những nỗi nhớ đong đầy \r\nĐể ngày dài trôi mãi anh sẽ thôi không u sầu \r\n\r\nCho anh thôi không nghĩ về em \r\nVà cho anh thôi thao thức (ngóng trông) đêm dài \r\nGiờ còn ai kề bên còn ai đêm thâu nồng say \r\n(Mãi thương tiếc hoài , mãi nhớ đôi vai, mãi mơ bên ai...) \r\n\r\nLối cũ ấy ta đã cùng nhau \r\nKề vai bên hiên trao chiếc hôn đầu \r\nSao giờ xa xôi quá hai đứa hai nơi phương trời \r\n\r\nAnh hoang mang nơi đáy vực sâu \r\nTừ khi em xa anh mang nỗi đau \r\nMuộn màng nhưng anh biết em đã thôi không còn yêu \r\n( Không anh không còn bên em mãi ) \r\n\r\nGiờ người đang bước bên ai không phải anh \r\nGiờ người đang say bên ai không phải anh \r\nChắc do anh vô tâm \r\nHay tình em đã phai phôi nhạt nhoà \r\nGiờ người bên ai anh mong em sẽ vui \r\nGiờ người bên ai anh mong em bình yên \r\nĐể em thôi bận lòng anh sẽ ra đi vì em \r\n\r\nTell me babe eh eh \r\nwhy did you make me cry \r\nTell me babe eh eh \r\ni miss you every night \r\n\'Cause i love you love you love you', 23, 1),
(36, 'Love Yourself', 'For all the times that you rain on my parade \r\nAnd all the clubs you get in using my name \r\nYou think you broke my heart, oh girl for goodness sake \r\nYou think I\'m crying, oh my oh, well no I ain\'t \r\n\r\nAnd I didn\'t wanna write a song cause I didn\'t want anyone thinking I still care \r\nI don\'t but, you still hit my phone up \r\nAnd baby I be movin\' on and I think you should be somethin\' \r\nI don\'t wanna hold back, maybe you should know that \r\nMy mama don\'t like you and she likes everyone \r\nAnd I never like to admit that I was wrong \r\nAnd I\'ve been so caught up in my job, didn\'t see what\'s going on \r\nAnd now I know, I\'m better sleeping on my own \r\n\r\nCause if you like the way you look that much \r\nOh baby you should go and love yourself \r\nAnd if you think that I\'m still holdin\' on to somethin\' \r\nYou should go and love yourself \r\n\r\nBut when you told me that you hated my friends \r\nThe only problem was with you and not them \r\nAnd every time you told me my opinion was wrong \r\nAnd tried to make me forget where I came from \r\n\r\nAnd I didn\'t wanna write a song \r\ncause I didn\'t want anyone thinking I still care \r\nI don\'t but, you still hit my phone up \r\nAnd baby I be movin\' on and I think you should be somethin\' \r\nI don\'t wanna hold back, maybe you should know that \r\nMy mama don\'t like you and she likes everyone \r\nAnd I never like to admit that I was wrong \r\nAnd I\'ve been so caught up in my job, didn\'t see what\'s going on \r\nAnd now I know, I\'m better sleeping on my own \r\n\r\nCause if you like the way you look that much \r\nOh baby you should go and love yourself \r\nAnd if you think that I\'m still holdin\' on to somethin\' \r\nYou should go and love yourself \r\n\r\nFor all the times you made me feel smallI fell in love, now I fear nothin\' at all \r\nI never felt so low when I was vulnerable \r\nWas I a fool to let you break down my walls? \r\n\r\nCause if you like the way you look that much \r\nOh baby you should go and love yourself \r\nAnd if you think that I\'m still holdin\' on to somethin\' \r\nYou should go and love yourself \r\nCause if you like the way you look that much \r\nOh baby you should go and love yourself \r\nAnd if you think that I\'m still holdin\' on to somethin\' \r\nYou should go and love yourself', 24, 2),
(37, 'Sorry', '[Justin] \r\nYou gotta go and get angry at all of my honesty \r\nYou know I try but I don\'t do too well with apologies \r\nI hope I don\'t run out of time, can someone call a referee? \r\nCause I just need one more shot at forgiveness \r\nI know you know that I made those mistakes maybe once or twice \r\nBy once or twice I mean maybe a couple of hundred times \r\nSo let me, oh let me redeem, oh redeem myself tonight \r\nCause I just need one more shot at second chances \r\n\r\nIs it too late now to say sorry? \r\nCause I\'m missing more than just your body \r\nIs it too late now to say sorry? \r\nYeah I know that I let you down \r\nIs it too late to say that I\'m sorry now? \r\n\r\nI\'m sorry, yeah \r\nSorry, yeah \r\nSorry \r\nYeah I know that I let you down \r\nIs it too late to say sorry now? ', 24, 2),
(38, 'Ánh Nắng Của Anh', 'Từ bao lâu nay, anh cứ mãi cô đơn bơ vơ bao lâu rồi... ai đâu hay \r\nNgày cứ thế trôi qua miên man riêng anh một mình nơi đây \r\nNhững phút giây trôi qua tầm tay . \r\nChờ một ai đó đến bên anh, lặng nghe những tâm tư này... \r\n\r\nLà tia nắng ấm, là em đến bên anh cho vơi đi ưu phiền ...ngày hôm qua. \r\nNhẹ nhàng xoá đi bao mây đen vây quanh cuộc... đời nơi anh. \r\nPhút giây anh mong đến tình yêu ấy \r\nGiờ đây là em, người anh mơ ước bao đêm. \r\n\r\nSẽ luôn thật gần bên em \r\nSẽ luôn là vòng tay ấm êm \r\nSẽ luôn là người yêu em, cùng em đi đến chân trời \r\nLắng nghe từng nhịp tim anh \r\nLắng nghe từng lời anh muốn nói \r\nVì em luôn đẹp nhất khi em cười \r\nVì em luôn là tia nắng trong anh không xa rời \r\n\r\nBình minh dẫn lối \r\nNgày sau có em luôn bên anh trên con đường ta chung đôi . \r\nNiềm hạnh phúc như trong cơn mơ, chưa bao giờ..anh nghĩ tới \r\nPhút giây ta trao nhau tình yêu ấy... \r\nGiờ đây là em ...người anh sẽ mãi không quên \r\n\r\nSẽ luôn thật gần bên em \r\nSẽ luôn là vòng tay ấm êm \r\nSẽ luôn là người yêu em, cùng em đi đến chân trời \r\nLắng nghe từng nhịp tim anh \r\nLắng nghe từng lời anh muốn nói \r\nVì em luôn đẹp nhất khi em cười \r\nVì em luôn là tia nắng trong anh không xa rời.', 5, 1),
(39, 'Hôn Anh', 'Hôn anh, tôi muốn được hôn anh lên đôi môi ấm nóng \r\nMùa thu nhẹ nhàng bâng khuâng \r\nÔm anh, tôi muốn được ôm anh suốt giấc mộng kia \r\nBình minh đã tới ngập tràn bên ô cửa sổ lạ. \r\n\r\nRằng là tình chúng ta chẳng về đâu \r\nRằng là tình sẽ qua, chẳng ở lâu \r\nHôn anh, tôi muốn được hôn anh. \r\n\r\n[ĐK:] \r\nLạ thay tôi như hồn mây \r\nVương vấn một khung trời rất xa \r\nLạ thay bao tia nắng \r\nKhẽ hát lên đôi ba lời tình ca. \r\n\r\nThì thầm ngọt ngào với tôi \r\nRằng anh luôn kiếm tìm một bến bờ \r\nThì thầm ngọt ngào với tôi \r\nRằng anh luôn kiếm tìm một giấc mơ.', 5, 1),
(40, 'Tôi Là Ai Trong Em (Đồi Thông)', 'Nếu ngày mai đi qua, những khoảng trời không xanh \r\nNếu thời gian quay lại, có mối tình mang tên \r\nNhững khoảng trời thông xanh, bỗng trở thành xa xôi, như là ánh mắt nào, lúc ta chào tạm biệt. \r\nMuốn nói em nghe về giấc mơ \r\nMuốn nói em nghe thật gần \r\nRồi ta sẽ đi những con đường hôm này, sẽ giữ tay lại trong tay, giữ từng hơi ấm thật lâu \r\nĐồi thông cao nghe hết những lời ban mai, nhung nhớ đong đầy sương rơi \r\nVà chờ nghe em nói, mộy lần cho mai sau \r\nTôi là ai trong em ?! \r\nCứ nhìn sâu trong tim \r\nNếu mình 2 tâm hồn, nếu nỗi buồn chia đôi. \r\nCó mùa đông trên cao, có mùa hạ trong veo \r\nGiọt nước mắt để dành cho 1 nụ hôn sâu', 25, 1),
(41, 'Alone', 'Lost in your mind \r\nI wanna know \r\nAm I losing my mind? \r\nNever let me go \r\n\r\nIf this night is not forever \r\nAt least we are together \r\nI know I\'m not alone \r\nI know I\'m not alone \r\nAnywhere, whenever \r\nApart, but still together \r\nI know I\'m not alone \r\nI know I\'m not alone \r\n\r\nI know I\'m not alone \r\nI know I\'m not alone \r\n\r\nUnconscious mind \r\nI\'m wide awake \r\nWanna feel one last time \r\nTake my pain away \r\n\r\nIf this night is not forever \r\nAt least we are together \r\nI know I\'m not alone \r\nI know I\'m not alone \r\nAnywhere, whenever \r\nApart, but still together \r\nI know I\'m not alone \r\nI know I\'m not alone \r\n\r\nI know I\'m not alone \r\nI know I\'m not alone \r\nI\'m not alone, I\'m not alone \r\nI\'m not alone, I know I\'m not alone \r\nI\'m not alone, I\'m not alone \r\nI\'m not alone, I know I\'m not alone', 14, 2),
(42, 'Faded', 'You were the shadow to my light \r\nDid you feel us \r\nAnother start \r\nYou fade away \r\nAfraid our aim is out of sight \r\nWanna see us \r\nAlive \r\nWhere are you now \r\nWhere are you now \r\nWhere are you now \r\nWas it all in my fantasy \r\nWhere are you now \r\nWere you only imaginary \r\n\r\nWhere are you now \r\nAtlantis \r\nUnder the sea \r\nUnder the sea \r\nWhere are you now \r\nAnother dream \r\nThe monsters running wild inside of me \r\nI\'m faded \r\nI\'m faded \r\nSo lost, I\'m faded \r\nI\'m faded \r\nSo lost, I\'m faded \r\n\r\nThese shallow waters, never met \r\nWhat I needed \r\nI\'m letting go - a deeper dive \r\nEternal silence of the sea - I\'m breathing \r\nAlive \r\nWhere are you now \r\nWhere are you now \r\nUnder the bright - but faded lights \r\nYou\'ve set my heart on fire \r\nWhere are you now \r\nWhere are you now \r\n\r\nWhere are you now \r\nAtlantis \r\nUnder the sea \r\nUnder the sea \r\nWhere are you now \r\nAnother dream \r\nThe monster running wild inside of me \r\nI\'m faded \r\nI\'m faded \r\nSo lost, I\'m faded \r\nI\'m faded \r\nSo lost, I\'m faded', 14, 2),
(43, 'Vài Tháng Sau', 'Mình gặp lại nhau chiều mưa như bão trong lòng \r\nChẳng thể nên câu vì bao sai lầm từng xảy ra... \r\nGiá mà lúc ấy anh hiểu rằng mình cố chấp đến thế nào... \r\nSẽ chẳng đánh mất em giờ đây khóc trong cô đơn! \r\n\r\nĐường về hôm nay dài hơn khi thiếu một người... \r\nVội vàng buông tay dù gặp nhau khó thế nào... \r\nKhi yêu nào ai biết trước điều gì sẽ đến khi sai lầm, \r\nLạc nhau một giây... đánh mất yêu thương mình từng đắp xây lâu nay... \r\n\r\nĐk: \r\nNgười mình từng rất yêu nay nhìn nhau như hai người xa lạ... \r\nKhoảng cách vô thức, ngăn đôi hạnh phúc không thể nào chạm tới... \r\nVới lấy yêu thương đã phai nhạt rồi \r\nNiềm tin nay chẳng còn, chắc em còn buồn khi chuyện mình giờ chẳng được như xưa, \r\n\r\nDòng nước mắt ấy hay mưa làm hoen làn mi người anh thương, \r\nChẳng thể bước tới ôm em như khi mình vẫn còn bên nhau... \r\nCố nén nước mắt ko quay đầu lại, để em yên lòng.... \r\nYêu một người vô tâm như anh chẳng đáng đâu!!! \r\n\r\nĐêm như dài hơn mưa nặng hạt từng cơn \r\nChẳng thể bên nhau dù thương rất nhiều \r\n\r\nEm vội quay đi để anh ko thấy nỗi buồn... \r\nVương nhẹ trên mi là giọt nước mắt hay mưa? \r\nKhi yêu nào ai biết trước điều gì sẽ đến khi sai lầm, \r\nLạc nhau một giây... đánh mất yêu thương mình từng đắp xây lâu nay \r\n\r\nĐk: \r\nNgười mình từng rất yêu nay nhìn nhau như hai người xa lạ... \r\nKhoảng cách vô thức, ngăn đôi hạnh phúc không thể nào chạm tới...! \r\nVới lấy yêu thương đã phai nhạt rồi \r\nNiềm tin nay chẵng còn, chắc em còn buồn khi chuyện mình giờ chẳng được như xưa, \r\n\r\nDòng nước mắt ấy hay mưa làm hoen làn mi người anh thương, \r\nChẳng thể bước tới ôm em như khi mình vẫn còn bên nhau... \r\nCố nén nước mắt ko quay đầu lại, để em yên lòng.... \r\nYêu một người vô tâm như anh chẳng đáng đâu!!! \r\n\r\nLời chia tay đau đến mấy \r\nTổn thương đấy nhưng chẳng thể quên \r\nNgười cho anh hiểu thế nào là hạnh phúc \r\nCố bước qua nỗi đau này, sẽ rất khó để trở lại với nhau \r\nNhưng….Anh vẫn còn yêu em rất nhiều \r\n\r\nĐk: \r\nDòng nước mắt ấy hay mưa làm hoen làn mi người anh thương, \r\nChẳng thể bước tới ôm em như khi mình vẫn còn bên nhau... \r\nCố nén nước mắt ko quay đầu lại, để em yên lòng.... \r\nYêu một người vô tâm như anh chẳng đáng đâu!!!', 26, 1),
(44, 'Phía Sau Một Cô Gái', 'Nhiều khi anh mong được một lần nói ra hết tất cả thay vì, \r\nNgồi lặng im nghe em kể về anh ta bằng đôi mắt lấp lánh \r\nĐôi lúc em tránh ánh mắt của anh \r\nVì dường như lúc nào em cũng hiểu thấu lòng anh. \r\nKo thể ngắt lời, càng ko thể để giọt lệ nào đc rơi \r\n\r\nChorus: \r\nNên anh lùi bước về sau, để thấy em rõ hơn \r\nĐể có thể ngắm em từ xa âu yếm hơn \r\nCả nguồn sống bỗng chốc thu bé lại vừa bằng 1 cô gái \r\nHay anh vẫn sẽ lặng lẽ kế bên \r\nDù ko nắm tay nhưng đường chung mãi mãi \r\nVà từ ấy ánh mắt anh hồn nhiên đến lạ \r\n\r\nVerse II: \r\nChẳng một ai có thể cản được trái tim khi đã lỡ yêu rồi \r\nĐừng ai can ngăn tôi khuyên tôi buông xuôi vì yêu không có lỗi \r\nAi cũng ước muốn khao khát được yêu \r\nĐược chờ mong tới giờ ai nhắc đưa đón buổi chiều \r\nMỗi sáng thức dậy được ngắm một người nằm cạnh ngủ say. \r\n\r\nChorus: \r\n[ Nên anh lùi bước về sau, để thấy em rõ hơn \r\nĐể có thể ngắm em từ xa âu yếm hơn \r\nCả nguồn sống bỗng chốc thu bé lại vừa bằng 1 cô gái \r\nHay anh vẫn sẽ lặng lẽ kế bên \r\nDù ko nắm tay nhưng đường chung mãi mãi \r\nVà từ ấy ánh mắt anh hồn nhiên đến lạ ] x 2 \r\n\r\nVì sao anh không thể gặp được em sớm hơn', 27, 1),
(45, 'Đi Để Trở Về', '\r\nTôi đang ở một nơi rất xa, nơi không có khói bụi thành phố \r\nỞ một nơi đẹp như mơ \r\nTrên cao êm êm mây trắng bay lặng nhìn biển rộng sóng vỗ \r\nCuộc đời tôi là những chuyến đi dài \r\n\r\nPre: \r\nVượt suối thác, vượt núi dốc, dù chênh vênh, có xá gì \r\nCó biết bao thứ tươi đẹp vẫn cứ ở đó đang chờ tôi \r\nNgười xung quanh ở nơi đây thật dễ mến dẫu mới gặp \r\nÁnh mắt lấp lánh hiền hoà chào tôi chào người bạn mới \r\n\r\nChorus: \r\nTừng chặng đường dài mà ta qua, giờ ngồi một mình lại thấy nhớ \r\nNgày ngày mặt trời rạng ngời vươn cao lên từ trên mái nhà \r\nTừng chặng đường dài mà ta qua đều để lại kỉ niệm quý giá \r\nĐể lại một điều rằng càng đi xa ta càng thêm nhớ nhà \r\n\r\nĐi thật xa để trở về \r\nĐi thật xa để trở về \r\nCó một nơi để trở về \r\nĐi, Đi để trở về \r\n\r\nVerse II: \r\nTôi đang ở một nơi rất xa, nơi không có khói bụi thành phố \r\nỞ một nơi đẹp như mơ \r\nTrên cao êm êm mây trắng bay lặng nhìn biển rộng sóng vỗ \r\nCuộc đời tôi là những chuyến đi dài \r\n\r\npre: \r\nVượt suối thác, vượt núi dốc, dù chênh vênh, có xá gì \r\nCó biết bao thứ tươi đẹp còn đang trông mong tôi ghé qua \r\nNgười xung quanh ở nơi đây thật dễ mến dẫu mới gặp \r\nÁnh mắt lấp lánh hiền hoà chào tôi chào người bạn mới \r\n\r\nChorus: \r\nTừng chặng đường dài mà ta qua, giờ ngồi một mình lại thấy nhớ \r\nNgày ngày mặt trời rạng ngời vươn cao lên từ trên mái nhà \r\nTừng chặng đường dài mà ta qua đều để lại kỉ niệm quý giá \r\nĐể lại một điều rằng càng đi xa ta càng thêm nhớ nhà \r\n\r\nĐi thật xa để trở về \r\nĐi thật xa để trở về \r\nCó một nơi để trở về \r\nĐi, Đi để trở về \r\n\r\nBrigde: \r\n\r\nCuộc đời thật đẹp khi được đi muôn nơi xa xôi rộng lớn \r\nNhưng ta vẫn có nơi để trở về sau mỗi chuyến đi \r\nĐiều kì diệu là con người ta đi xa hơn để trưởng thành hơn \r\nKhông quên mang theo bên cạnh hành trang nỗi nhớ gia đình', 27, 1),
(46, 'Xin Đừng Lặng Im', 'Anh vẫn nhớ phút ấy khi anh rời xa \r\nNgười chẳng nói một lời… chỉ đứng yên vậy thôi \r\nEm đã cất giấu hết bao nhiêu buồn đau… \r\nCòn kí ức ngọt ngào anh mang theo dù ở đâu… \r\nLàm gì để…trở về…??? \r\n\r\nChorus: \r\nNgười đừng lặng im đến thế \r\nVì lặng im sẽ giết chết con tim! \r\nDù yêu thương chẳng còn…anh vẫn xin em nói một lời… \r\nNgoài kia bao la thế giới \r\nNhưng trong anh thế giới chỉ là em thôi \r\nMình xa nhau thật rồi…nhưng anh vẫn chờ đợi…. \r\n\r\nĐã có lúc cố gắng để hiểu được em \r\nRồi cứ thế mỏi mệt.. chỉ biết bên cạnh em \r\nĐây có lẽ chẳng phải yêu thương trọn vẹn \r\nNgười tìm nơi bắt đầu..Người bỏ đi ở phía sau \r\nVới tất cả nỗi sầu..! \r\n\r\nBridge: \r\n\r\nAnh chẳng biết được là… \r\nKhi tất cả đã qua em đã nghĩ điều gì? \r\nNgày anh cất bước đi… \r\nThà một lời rồi cùng buồn đau..còn hơn riêng em cố giấu…. \r\nAnh chẳng biết được là.. \r\nXa nhau hay bước tiếp? \r\nÊm đềm hay muộn phiền? \r\nCho nhau hai lối riêng? \r\nMột lần để mai sau chẳng phải hối tiếc', 28, 1),
(47, 'Kém duyên', 'Một chiều mưa trong lòng anh thấm bao nỗi sầu \r\nDù không đau nhưng giờ anh vẫn nhớ \r\nNgày em đi chưa kịp ôm cái ôm giã từ \r\nLệ hoen mi phận hồng nhan kém duyên \r\nEm đi ngang đời anh như gió mây qua trời \r\nĐưa đôi tay nhưng không thể với lấy \r\nVậy đành thôi nhìn theo người đi \r\nKhi đã xa mất rồi \r\nChỉ còn anh với những mộng mơ lặng thinh. \r\n\r\nGiờ lòng mang theo những vấn vương \r\nLúc gần kề đầy nhớ thương Không thể nói ra để rồi nhớ nhau \r\nLòng này thấu mấy phần \r\nUống nhầm ánh mắt say cả đời \r\nDù tình có ở phương trời \r\nBiết sẽ không chạm được đến đâu \r\nĐành phải mất nhau \r\n\r\nAnh vẫn cứ đứng đợi một mình \r\nDù rằng sẽ chẳng thể đến gần \r\nBởi vì em mong manh lắm tựa nhành hồng \r\nĐợi vòng tay nhưng lại sao lỡ duyên \r\n\r\nEm đi ngang đời anh như gió mây qua trời \r\nĐưa đôi tay nhưng không thể với lấy \r\nVậy đành thôi nhìn theo người đi \r\nKhi đã xa mất rồi \r\nChỉ còn anh với những mộng mơ lặng thinh. \r\n\r\nGiờ lòng mang theo những vấn vương \r\nLúc gần kề đầy nhớ thương Không thể nói ra để rồi nhớ nhau \r\nLòng này thấu mấy phần \r\n\r\nUống nhầm ánh mắt say cả đời \r\nDù tình có ở phương trời \r\nBiết sẽ không chạm được đến đâu \r\nĐành phải mất nhau \r\n\r\nGiờ này em đã bên ai \r\nTình nồng ấm ngôi nhà nhỏ xinh \r\nNày chỉ là mơ Những giấc mơ \r\nTìm hạnh phúc xa vời người ơi', 31, 1),
(48, 'Lạc Trôi', 'Người theo hương hoa mây mù giăng lối \r\nLàn sương khói phôi phai đưa bước ai xa rồi \r\nĐơn côi mình ta vấn vương hồi ức trong men say chiều mưa buồn \r\nNgăn giọt lệ ngừng khiến khoé mi sầu bi. \r\n\r\nĐường xưa nơi cố nhân từ giã biệt li \r\nCánh hoa rụng rời \r\nPhận duyên mong manh rẽ lối trong mơ ngày tương phùng. \r\n\r\n[ĐK:] \r\nTiếng khóc cuốn theo làn gió bay \r\nThuyền ai qua sông lỡ quên vớt ánh trăng tàn nơi này \r\nTrống vắng bóng ai dần hao gầy. \r\n\r\nLòng ta xin nguyện khắc ghi trong tim tình nồng mê say \r\nMặc cho tóc mây vươn lên đôi môi cay \r\nBâng khuâng mình ta lạc trôi giữa đời \r\nTa lạc trôi giữa trời. \r\n\r\n[Rap:] \r\nĐôi chân lang thang về nơi đâu \r\nBao yêu thương giờ nơi đâu \r\nCâu thơ tình xưa vội phai mờ \r\nTheo làn sương tan biến trong cõi mơ \r\nMưa bụi vươn trên làn mi mắt \r\nNgày chia lìa hoa rơi buồn hiu hắt \r\nTiếng đàn ai thêm sầu tương tư lặng mình trong chiều hoàng hôn \r\nTan vào lời ca \r\nLối mòn đường vắng một mình ta \r\nNắng chiều vàng úa nhuộm ngày qua \r\nXin đừng quay lưng xoá \r\nĐừng mang câu hẹn ước kia rời xa \r\nYên bình nơi nào đây \r\nTrôn vùi theo làn mây. \r\n\r\nTa đang lạc nơi nào \r\nTa đang lạc nơi nào \r\nLối mòn đường vắng một mình ta \r\nTa đang lạc nơi nào \r\nNắng chiều vàng úa nhuộm ngày qua \r\nTa đang lạc nơi nào.', 29, 1),
(49, 'Remember Me', 'Câu ca nhẹ giăng đời ta \r\nÂm thanh nào trôi vụt xa \r\nKhông gian này đâu có chắc cho ta trả lời được hết dư âm những ngày qua \r\nBuông lơi trôi theo cây viết thả hồn theo làn mây \r\nBuông xuôi hay nên đi tiếp??? \r\nĐôi chân dường như mất thăng bằng,tương lai vĩnh hằng quên đi cơn mơ tan trong hư vô ảo. \r\n\r\nLang thang cô đơn mình tôi bước \r\nTương lai cô đơn mình tôi ước \r\nĐêm đen ngày qua cùng mưa rơi phôi pha lạnh căm ta nào đâu có biết trước \r\nNgã gục ư hình như là hơi vội \r\nNỗi niềm tôi đã làm gì nên tội \r\nNhững chỉ trích dày xéo nhiều thêm họ đã quy chụp một từ là chơi trội \r\nCó những đêm dài sầu hoen làn mi buồn lệ rơi nhoè phai gắng gượng tôi cầm bút \r\nCánh tay run rẩy gồng tâm hồn tan chảy kiếm tìm cảm xúc dù chỉ là một chút \r\nNhắm mắt cô độc trơ trọi nơi đâu cho tôi yên bình dù chỉ là một phút \r\nThoát xác giữa ngàn khơi \r\nThấy thương mình chơi vơi \r\nCó lẽ nên thả lỏng con tim thôi. \r\n\r\nỞ đâu đó phía cuối con đường kia nước mắt thôi ngừng trôi \r\nỞ đâu đó phía cuối chân trời kia ánh sáng đang chờ tôi đập tan đi trái tim lạnh băng \r\nỞ đâu đó sẽ có người đợi trông dang tay ôm lấy thân này (ai ôm lấy thân này??) \r\nCó lẽ tôi đã tìm được giấc mơ yên bình giải thoát cho tâm hồn tôi,gồng bao nhiêu vết thương giờ tôi là tôi! \r\n\r\nBa mẹ tin mày \r\nEm trai tin mày \r\nLuôn dõi theo từng bước chân mày \r\nNiềm Vinh quang tự hào của gia đình này \r\nCó những đêm mẹ mày khóc \r\nBa thương mày đến bạc tóc \r\nĐộng lực đó không cho phép mày chùn bước chốn chạy đâu hỡi thằng ngu kia \r\nĐứng dậy đi! \r\nMạnh mẽ cứng rắn đứng lên vượt qua thất bại \r\nSống chung với những điều không thể thay đổi \r\nBiến tất cả trở thành vô hại \r\nNào thức tỉnh đi! \r\nBật tung xiềng xích đốt cháy hết đam mê và thể xác \r\nQuay lưng dang tay ôm trọn bầu trời yêu thương nhìn lại chặng đường để thấy mình là ai. \r\n\r\nTương lai ngày mai sầu lo trên trên bờ vai đường muôn lối phân vân về đâu \r\nĐam mê tìm ta lời ca mang ngày qua vùi chôn Hết suy tư chìm sâu \r\nCảm ơn tất cả chướng ngại \r\nCảm ơn mọi sự thất bại \r\nĐã tạo nên một con tim bất diệt trên bầu trời ngày hôm nay! \r\n\r\nỞ đâu đó phía cuối con đường kia nước mắt thôi ngừng trôi \r\nỞ đâu đó phía cuối chân trời kia ánh sáng đang chờ tôi đập tan đi trái tim lạnh băng \r\nỞ đâu đó sẽ có người đợi trông dang tay ôm lấy thân này (ai ôm lấy thân này??) \r\nCó lẽ tôi đã tìm được giấc mơ yên bình giải thoát cho tâm hồn tôi,gồng bao nhiêu vết thương giờ tôi là tôi! \r\n\r\nCó lẽ những nỗi đau đã giúp tôi trưởng thành hơn \r\nNhững giọt nước mắt khiến tôi trở nên mạnh mẽ hơn \r\nCảm ơn tất cả ... \r\nI\'m Sơn Tùng M-TP \r\nDon\'t forget me! \r\n\r\nỞ đâu đó phía cuối con đường kia nước mắt thôi ngừng trôi \r\nỞ đâu đó phía cuối chân trời kia ánh sáng đang chờ tôi đập tan đi trái tim lạnh băng \r\nỞ đâu đó sẽ có người đợi trông dang tay ôm lấy thân này (ai ôm lấy thân này??) \r\nCó lẽ tôi đã tìm được giấc mơ yên bình giải thoát cho tâm hồn tôi,gồng bao nhiêu vết thương giờ tôi là tôi!', 29, 1),
(50, 'Như Ngày Hôm Qua', 'Cuối con đường là bầu trời xanh ấm êm \r\nBên tôi mỗi khi buồn lặng lẽ xóa tan âu lo \r\nGạt giọt nước mắt thăng trầm \r\nNiềm tin mãi luôn đong đầy \r\nBài ca hát trọn đêm nay dành tặng bạn tôi. \r\n\r\nLuôn dõi theo từng nụ cười lặng im phía sau \r\nBên tôi mãi không rời mặc nắng gắt hay mưa ngâu \r\nDù thời gian có xóa phai nhòa \r\nLạc trôi những kí ức \r\nBạn tôi vẫn thế không hề đổi thay trái tim. \r\n\r\nVẫy tay xin chào nghẹn ngào gặp lại ngày sau \r\nThương nhớ nhau lòng ngập ngừng không muốn rời \r\nVỗ vai xin bình an ở phía trước cho dù nhiều chông gai \r\nKiên cường lên rồi mọi chuyện cũng sẽ vượt qua. \r\n\r\nDẫu hai phương trời dù nghìn trùng dù xa xôi \r\nĐôi mắt nhìn hướng tới cuối chân trời \r\nCảm ơn bạn người luôn sát bên âm thầm dõi nhìn theo \r\nTay nắm chặt gật đầu cười tim khắc ghi. \r\n\r\nMãi như ngày hôm qua! \r\n\r\nLuôn dõi theo từng nụ cười lặng im phía sau \r\nBên tôi mãi không rời mặc nắng gắt hay mưa ngâu \r\nDù thời gian có xóa phai nhoà \r\nLạc trôi những kí ức \r\nBạn tôi vẫn thế không hề đổi thay trái tim. \r\n\r\nVẫy tay xin chào nghẹn ngào gặp lại ngày sau \r\nThương nhớ nhau lòng ngập ngừng không muốn rời \r\nVỗ vai xin bình an ở phía trước cho dù nhiều chông gai \r\nKiên cường lên rồi mọi chuyện cũng sẽ vượt qua. \r\n\r\nDẫu hai phương trời dù nghìn trùng dù xa xôi \r\nĐôi mắt nhìn hướng tới cuối chân trời \r\nCảm ơn bạn người luôn sát bên âm thầm dõi nhìn theo \r\nTay nắm chặt gật đầu cười tim khắc ghi. \r\n\r\nVẫy tay xin chào nghẹn ngào gặp lại ngày sau \r\nThương nhớ nhau lòng ngập ngừng không muốn rời \r\nVỗ vai xin bình an ở phía trước cho dù nhiều chông gai \r\nKiên cường lên rồi mọi chuyện cũng sẽ vượt qua. \r\n\r\nDẫu hai phương trời dù nghìn trùng dù xa xôi \r\nĐôi mắt nhìn hướng tới cuối chân trời \r\nCảm ơn bạn người luôn sát bên âm thầm dõi nhìn theo \r\nTay nắm chặt gật đầu cười tim khắc ghi. \r\n\r\nMãi như ngày hôm qua! \r\nNhư ngày hôm qua!', 29, 1),
(51, 'Tri kỉ', 'Mình thiếu một chút bối rối để thành người yêu của nhau \r\nMình thiếu khoảnh khắc say đắm để rồi hẹn ước với nhau \r\nDù vậy cuộc đời đã hào phóng với ta \r\nDành tặng một người quá hiểu thấu trái tim \r\nGiống như ta được cả thế gian \r\nThật tuyệt vời khi bên ta có một người mang tên là \r\n\r\nTri kỷ \r\nĐể ta đặt hết niềm tin không hoài nghi \r\nVà sống thật với bản thân mọi phút giây \r\nLuôn bên nhau lắng nghe \r\n\r\nTri kỷ \r\nĐể không phải như tình yêu rồi sẽ biệt ly \r\nChẳng bao giờ khiến người kia lệ úa mi. \r\nTa vui khi giữ nhau yên bình nơi mình mãi thôi \r\n\r\nMặt trời vừa khuất xuống những dãy núi \r\nNhiều người tự hỏi ở đâu vắng nỗi cô đơn. \r\nLang thang ai bước sắp đi qua một chặng đường đời \r\nĐau thay khi chẳng có nơi để chờ và đợi. \r\nVì vậy cuộc đời quá hào phóng với ta \r\nDành tặng một người quá hiểu thấu trái tim \r\nGiống như ta được cả thế gian \r\nThật tuyệt vời khi bên ta có một người mang tên là \r\n\r\nTri kỷ \r\nĐể ta đặt hết niềm tin không hoài nghi \r\nVà sống thật với bản thân mọi phút giây \r\nLuôn bên nhau lắng nghe \r\n\r\nTri kỷ \r\nĐể không phải như tình yêu rồi sẽ biệt ly \r\nChẳng bao giờ khiến người kia lệ úa mi \r\nTa vui khi giữ nhau yên bình nơi mình mãi thôi \r\n\r\nLà tôi vẫn còn đứng nơi đây \r\nĐể mong em đi kiên vững những cô đơn phía trước \r\nLà tôi sẽ cầu nắng ban mai \r\nTừng ngày phủ đầy trên những ước mơ \r\nNhững hy vọng, những yêu thương em trao ai khác', 12, 1),
(52, 'Người nào đó', 'Tình cờ mình quen biết \r\nVào 1 ngày trời xanh nắng \r\nBuông xuôi nơi con tim, đưa đôi chân em đang bước đi với những câu chuyện buồn \r\nĐừng nhìn về quá khứ \r\nĐừng tự làm nhòe đôi mắt mình, mong em sẽ vui hơn, khi phía trước đường dài kia sẽ mãi luôn \r\nCó 1 người lặng lẽ, đứng bên em vô hình \r\nGiấu đi những tâm tư của mình và \r\nNghĩ đến em từng thương nhớ ấy đang đong đầy \r\n1 người lặng lẽ, sống bên em chân thành \r\nĐến khi vết thương trong em lành lại \r\nGió sẽ mang niềm vui ấm áp hơn mỗi ngày \r\nVà em sẽ là giấc mơ mỗi đêm anh trông chờ \r\nDù anh không thể đến bên em và trao những ngọt ngào \r\nThì em hãy luôn sống những phút giây em yêu đời \r\nVà 1 người nào đó sẽ luôn theo sau những bước chân \r\nDẫn lối em đến nơi bình yên \r\n\r\nBeside ur heart, beside ur tears \r\nI Love U so much, so I stay here \r\nAnh đứng đây nhìn cuộc sống em tràn đầy \r\nMà tại sao những điều trống rỗng lại làm vai em lạnh gầy? \r\nGió bấc nơi đây, xoa dịu vòng tay \r\nAnh chưa gặp người con gái nào làm trái tim này phải say \r\nEveryday, everynight, I can\'t say anything in my mind \r\n\r\nCó 1 người lặng lẽ, đứng bên em vô hình \r\nGiấu đi những tâm tư của mình và \r\nNghĩ đến em từng thương nhớ ấy đang đong đầy \r\n1 người lặng lẽ, sống bên em chân thành \r\nĐến khi vết thương trong em lành lại \r\nGió sẽ mang niềm vui ấm áp hơn mỗi ngày \r\nVà em sẽ là giấc mơ mỗi đêm anh trông chờ \r\nDù anh không thể đến bên em và trao những ngọt ngào \r\nThì em hãy luôn sống những phút giây em yêu đời \r\nVà 1 người nào đó sẽ luôn theo sau những bước chân \r\nDẫn lối em đến nơi bình yên \r\n\r\nĐi theo sau với những giấc mơ \r\nChỉ cần thấy những nỗi buồn em tan biến đi \r\nVà hãy mãi nở nụ cười trên môi mềm \r\nCầu mong nơi ấy \r\nBình yên sẽ khiến những rung động trở về \r\n\r\nVà em sẽ là giấc mơ mỗi đêm anh trông chờ \r\nDù anh không thể đến bên em và trao những ngọt ngào \r\nThì em hãy luôn sống những phút giây em yêu đời \r\nVà 1 người nào đó sẽ luôn theo sau những bước chân \r\nDẫn lối em đến nơi bình yên', 24, 1),
(53, 'Y.Ê.U', 'Y.Ê.U là cùng nhau trong tay đi dưới con đường, \r\nLà cùng trao cho nhau ngọt môi hôn \r\nLà vòng tay yêu thương ôm mãi không rời \r\nTừng phút giây tuyệt vời. \r\n\r\nY.Ê.U là ngày em bên anh không chút ưu phiền \r\nTừng buồn lo trôi qua ngày bình yên \r\nNồng nàn ta trao nhau giấy phút tuyệt vời \r\nNguyện thề luôn bên nhau mãi \r\n\r\n(Bridge) \r\nDù thời gian trôi qua vẫn luôn bên người \r\nDù ngày tháng phôi pha ta vẫn không cách rời \r\nBên nhau suốt đời, cùng xây giấc mơ chung đôi \r\n\r\n(Chorus) \r\nHãy bên em thật gần nhé anh \r\nĐể cảm nhận những thứ yêu thương từ trong trái tim này, dành hết cho người. \r\nHãy trao em nụ hôn đắm say, ngọt ngào như phút giây ban đầu \r\nNgày nắng xanh ngời, nguyện ước có nhau trọn đời. \r\n\r\nY.Ê.U là bình minh mỗi sớm có anh bên mình, \r\nLà hoàng hôn mênh mang từng con phố \r\nMình cùng tay trong tay đi giữa cuộc đời, \r\nNguyện thề luôn bên nhau mãi \r\n\r\n(Bridge) \r\nDù thời gian trôi qua vẫn luôn bên người \r\nDù ngày tháng phôi pha ta vẫn không cách rời \r\nBên nhau suốt đời, cùng xây giấc mơ chung đôi \r\n\r\n(Chorus) \r\nHãy bên em thật gần nhé anh \r\nĐể cảm nhận những thứ yêu thương từ trong trái tim này, dành hết cho người. \r\nHãy trao em nụ hôn đắm say, ngọt ngào như phút giây ban đầu \r\nNgày nắng xanh ngời, nguyện ước có nhau trọn đời. \r\n\r\n\r\nDù thời gian trôi qua vẫn luôn bên người \r\nDù ngày tháng phôi pha ta vẫn không cách rời \r\nBên nhau suốt đời, cùng xây giấc mơ chung đôi \r\n\r\nHãy trao em nụ hôn đắm say, ngọt ngào như phút giây ban đầu \r\nNgày nắng xanh ngời, nguyện ước có nhau trọn đời.', 34, 1),
(54, 'Mân Côi', 'Ai mang theo gió đêm qua chút hương thơm cỏ dại \r\nAi lay cho đám mân côi đong đưa ngoài hiên \r\nAi thêm con nắng trong veo nhắc sen hồng nở muộn \r\nAi mang hoa đên cho em..em chờ \r\nEm còn đợi ai trong ngày xanh non biếc thế? \r\nThôi đừng chờ chi cho phí hết xuân xanh ngời \r\nHỡi tình này là chi e còn ngây thơ muôn biết \r\nĐôi mình là chi để lỡ mất,em sao đành? \r\nChorus: \r\nTình là điên lắm tình là say đắm em cứ yêu ngông cuồng vậy thôi \r\nNgày thì trông ngóng,chờ ngiều đêm lắm \r\nThôi thời người ta đi tìm mật ngọt \r\nHoa tươi ong về,hoa héo chờ ai \r\nNói em nghe người ở bao xa? \r\nNói em nghe em còn chờ bao lâu \r\nNgười ơi.... \r\n\r\nThương thân em lắm long đong chưa yên một bề \r\nThương hoa một thuở xanh non phai phôi là thế \r\nThương đêm em ngắm con trăng nhớ nhung mặt trời \r\nThương kgi cơn gió ngang qua..hoa tàn \r\nEm còn đợi ai trong ngày xanh non biếc thế? \r\nThôi đừng chờ chi cho phí hết xuân xanh ngời \r\nHỡi tình này là chi em còn ngây thơ muốn biết \r\nĐôi mình là chi để lỡ mất, em sao đành? \r\nChorus : \r\n.... \r\nHa i ya i ya iya \r\n.... \r\nEm vì thương em giận \"mình\" đến rồi đi một thoáng biệt ly \r\nEm vì yêu em giận \"mình\" \r\nVô tâm..', 10, 1),
(55, 'Thinking out loud', 'When your legs don\'t work like they used to before \r\nAnd I can\'t sweep you off of your feet \r\nWill your mouth still remember the taste of my love \r\nWill your eyes still smile from your cheeks \r\n\r\nAnd darling I will be loving you till we\'re 70 \r\nAnd baby my heart could still fall as hard at 23 \r\nAnd I\'m thinking \'bout how people fall in love in mysterious ways \r\nMaybe just the touch of a hand \r\nOh me I fall in love with you every single day \r\nAnd I just wanna tell you I am \r\n\r\nSo honey now \r\nTake me into your loving arms \r\nKiss me under the light of a thousand stars \r\nPlace your head on my beating heart \r\nI\'m thinking out loud \r\nThat maybe we found love right where we are \r\n\r\nWhen my hair\'s overgone and my memory fades \r\nAnd the crowds don\'t remember my name \r\nWhen my hands don\'t play the strings the same way \r\nI know you will still love me the same \r\n\r\n\'Cause honey your soul could never grow old, it\'s evergreen \r\nAnd baby your smile\'s forever in my mind and memory \r\nI\'m thinking \'bout how people fall in love in mysterious ways \r\nMaybe it\'s all part of a plan \r\nI just keep on making the same mistakes \r\nHoping that you\'ll understand \r\n\r\nBut baby now \r\nTake me into your loving arms \r\nKiss me under the light of a thousand stars \r\nPlace your head on my beating heart \r\nThinking out loud \r\nThat maybe we found love right where we are \r\n\r\nSo baby now \r\n\r\nTake me into your loving arms \r\nKiss me under the light of a thousand stars \r\nOh darling, place your head on my beating heart \r\nI\'m thinking out loud \r\nThat maybe we found love right where we are \r\nOh maybe we found love right where we are \r\nAnd we found love right where we are', 16, 2),
(56, 'My love', 'An empty street, an empty house \r\nA hole inside my heart \r\nI\'m all alone, the rooms are getting smaller. \r\nI wonder how, I wonder why, I wonder where they are \r\nThe days we had, the songs we sang together.(oh yeah) \r\n\r\nAnd all my love, I\'m holding on forever \r\nReaching for the love that seems so far \r\n\r\n[Chorus:] \r\nSo I say a little prayer \r\nAnd hope my dreams will take me there \r\nWhere the skies are blue, to see you once again... my love. \r\nAll the seas from coast to coast \r\nTo find the place I Love The Most \r\nWhere the fields are green, to see you once again... my love. \r\n\r\nI try to read, I go to work \r\nI\'m laughing with my friends \r\nBut I can\'t stop to keep myself from thinking. (oh no) \r\nI wonder how, I wonder why, I wonder where they are \r\nThe days we had, the songs we sang together.(oh yeah) \r\n\r\nAnd all my love, I\'m holding on forever \r\nReaching for the love that seems so far \r\n\r\nSo I say a little prayer \r\nAnd hope my dreams will take me there \r\nWhere the skies are blue, to see you once again... my love. \r\nAll the seas from coast to coast \r\nTo find the place I Love The Most \r\nWhere the fields are green, to see you once again... \r\n\r\nTo hold you in my arms \r\nTo promise you my love \r\nTo tell you from the heart \r\nYou\'re all I\'m thinking of \r\n\r\nReaching for the love that seems so far \r\n\r\nSo I say a little prayer \r\nAnd hope my dreams will take its there \r\nWhere the skies are blue, to see you once again... my love. \r\nAll the seas from coast to coast \r\nTo find the place I Love The Most \r\nWhere the fields are green, to see you once again... my love. \r\n\r\nSay it in a prayer (my sweet love) \r\nDreams will take it there \r\nWhere the skies are blue (woah yeah), to see you once again my love. (oh my love) \r\nAll the seas from coast to coast \r\nTo find the place I Love The Most \r\nWhere the fields are green, to see you once again.... My Love.', 17, 2),
(57, 'Não cá vàng', 'Chợt nhìn quanh bỗng chẳng thấy em kề cạnh. \r\nChạy thật nhanh tránh cơn gió đêm về lạnh. \r\nÙa về đây nỗi cô đơn thường trực nơi tim mình \r\nKí ức mong manh còn lại trong anh. \r\n\r\nLà cảm xúc mỗi khi gió đêm về lạnh. \r\nLà hạnh phúc mỗi khi có em kề cạnh. \r\nChợt nhận ra những yêu thương vừa là hôm qua mà những nỗi cô đơn lại là hôm nay. \r\nSau này, sẽ không thấy e đang ôm chặt từ sau lưng, chẳng còn những lúc mình nắm tay bước đi, chỉ còn những nỗi buồn rơi trên mi. \r\n\r\nGiá như a cố yêu e nhiều hơn nữa \r\nGiá như a đã không hững hờ lúc xưa \r\nChỉ vì anh quá tin là em sẽ mãi thuộc về anh, vậy mà giờ đây 2 đứa 2 nơi \r\nHình bóng em giờ đã trôi xa về nơi đâu \r\nTrái tim a vẫn mong e sẽ quay về \r\nVề đâu để thấy em người ơi \r\nGiờ biết đi về đâu \r\nĐể 1 lần nữa được nhìn thấy nhau \r\nChỉ còn những nước mặt nhạt nhòa \r\nHòa vào cơn mơ vì anh nhớ em \r\nChợt tỉnh giữa đêm thắt tim lại \r\nChợt nhận ra e đã đi thật xa. \r\n\r\nĐã có những bước chân em đi qua, con phố này. \r\nẤm áp lúc trước em đem đi xa. xa chốn đây. \r\nĐã mùa đông, vậy mà trong tim có hòn than đỏ lửa. \r\nĐừng tìm tới được không? kí ức từng đêm vẫn còn đang gõ cửa \r\n\r\nMuốn biến mất ngay nơi đây, xung quanh a nhìn đâu cũng là những thói quen \r\nnhớ những lúc tay trong tay, con tim a từng cơn ngày đêm càng nhói thêm. \r\nMùa yêu nào ta đã từng diết da \r\nmùa nắng nào ta đã từng ở lại \r\ncái tên e là thứ a viết ra \r\ntrong lời ca kèm theo tiếng thở dài \r\nLí do nào e bỏ đi nhanh quá, từng hàng cây nơi góc đường chẳng còn lại màu xanh lá, để lại nơi đây là những thứ lạnh giá, là bàn tay mà a phải cánh xa, là kí ức mà a phải tránh xa, là những hình xăm vẫn còn đang dính da, bởi vì tất cả thanh xuân của a đó chính là. \r\nLà e vẫn còn trong những cơn say \r\nLà e vẫn còn trong những nỗi nhớ \r\nLà e vẫn còn tồn tại trong những giấc mơ mỗi khi đêm về a không tài nào ngủ yên giấc. \r\nƯớc gì não a như cá vàng. \r\nngày mai tỉnh dậy sẽ quên hết \r\nTình yêu ấy từng quý hơn cả vàng \r\nnhưng bộ phim nào cũng phải có hồi kết \r\nem ơi', 33, 1),
(58, 'Wait', 'Spare me the word where you want to go \r\nIt you wanna feel young we can share the road \r\nCause I do remember love… \r\n\r\nBeen a little while since you felt alive \r\nWe may not see the sun but we feel the rise \r\nOne night so we’ll forget the miles, the miles ahead \r\n\r\nAnd if it all starts again tonight, again tonight \r\nWe’ll start again tonight \r\nWe’ll be memories in a matter of time \r\nSo what do you wait for \r\nWhat do you wait for \r\nNothing feels as good as when you lose your mind \r\nWe’ll be memories in a matter of time \r\nSo what do you wait for \r\nWhat do you wait for \r\n\r\nWhat do you wait for \r\n\r\nSo what do you wait for \r\nWhat do you wait for \r\n\r\nAnd if it all starts again tonight, again tonight \r\nWe’ll start again tonight \r\nWe’ll be memories in a matter of time \r\nSo what do you wait for \r\nWhat do you wait for \r\nNothing feels as good as when you lose your mind \r\nWe’ll be memories in a matter of time \r\nSo what do you wait for \r\nWhat do you wait for \r\n\r\nSo what do you wait for \r\nWhat do you wait for \r\n\r\nWhat do you wait for \r\n\r\nAnd if it all starts again tonight, again tonight \r\nWe’ll start again tonight \r\nWe’ll be memories in a matter of time \r\nSo what do you wait for \r\nWhat do you wait for', 35, 2),
(59, 'Heroes Tonight', 'I’m walking alone, the streets are empty The only thing I can see is my own silhouette I’m getting stronger step by step The clock is ticking but there is no time for regrets I’ve been flying from town to town From London to Taiwan I’ve been all around the globe Trying to protect your soul We are heroes tonight. We will fly above the sky We are heroes tonight, yeah We are heroes tonight. We will fly above the sky We are heroes tonight, yeah Night yeah I’m feeling like a dynamite Ready to explode right up in the sky I need you to listen I need you to hear And don’t show any fear I’ve been flying from town to town From London to Taiwan I’ve been all around the globe Trying to protect your soul We are heroes tonight. We will fly above the sky We are heroes tonight, yeah We are heroes tonight. We will fly above the sky We are heroes tonight, yeah We are heroes tonight, yeah Night yeah We are heroes tonight. We will fly above the sky We are heroes tonight, yeah I’ve been flying from town to town From London to Taiwan I’ve been all around the globe Trying to protect your soul ', 36, 2),
(60, 'Savannah', 'Lions roaring in the morning sun \r\nSearching for a longer day \r\nPeople feeling like the light has just come \r\nWe must never stop the way \r\n\r\nBirds are chirping and I hear my name \r\nGrass is green and so alive \r\nLife is happy, but it\'s so insane \r\nWe must merely make a strive \r\n\r\nSavannah, \r\nI\'m coming home \r\nSavannah, \r\nWe\'ll never be alone \r\nSavannah, \r\nThe beauty of the world \r\nSavannah, \r\nLet\'s all take a whirl \r\nSavannah! \r\n\r\nThe lions gone and come \r\nThe birds have just begun \r\nWe will always take a stand \r\nFor the people for the land \r\n\r\nLets go back to when we were young \r\nFor the animals we stand \r\nLet\'s go back to when trees were swung \r\nKids across the land \r\n\r\nSavannah, \r\nI\'m coming home \r\nSavannah, \r\nWe\'ll never be alone \r\nSavannah, \r\nThe beauty of the world \r\nSavannah,', 36, 2),
(61, 'Sign', 'Trying to forget you\r\nI\'m all alone\r\n\r\nin a ghost town\r\nThere\'s a beautiful madness\r\nInside my soul\r\nAnd I can’t stop\r\nThinking of you\r\nWalking on a lonely avenue\r\nAre you? Are you? Are you?\r\n\r\nMy love is so wild\r\nPlease give me a sign\r\nMy love is so wild\r\nPlease give me, baby\r\nMy love is so wild\r\nPlease give me a sign\r\nMy love is so wild\r\nPlease give me a sign\r\n\r\nFading in the dark\r\nAll the lights\r\nGo down\r\nI\'m feeling high and drunk\r\nClose my eyes\r\nAnd I can\'t stop', 37, 2),
(62, 'Forever', 'I see the light inside you \r\nBrighter than the skies \r\nHold on just let us escape \r\nAnd fly away tonight \r\nWe have the world in our side \r\nWhen I know together we’ll be alright \r\nWhen you sleep forever we will go \r\nWe are forever learning \r\nOne step at a time \r\nAs long as the world is turning I’ll be by your side \r\nWe’ll keep the fire burning I’ll see you hurt (I’ll never see) \r\nYou know I can’t explain it In a way of words \r\nWe both know that you’ll understand \r\nAnd you’ll see if you take my hand And I’ll go out of my own way \r\nFor you \r\nFor you I’ll go \r\nOut of my own way', 36, 2),
(63, 'Can\'t Wait', 'If I had known then what I know now \r\nI wouldn\'t have said what I said \r\nI took the long road, thought I\'d be better on my own \r\nSometimes what\'s right is wrong instead \r\n\r\n[Pre-Chorus] \r\nCause I was too young \r\nAnd I didn\'t understand that \r\nYou were my one \r\nAnd I can\'t wait to see you again \r\n\r\n[Chorus] \r\nI can\'t wait, I can\'t wait, I can\'t wait \r\nI can\'t wait, I can\'t wait, I can\'t wait \r\n\r\n[Verse 2] \r\nAnd I\'m just pleading when your heart\'s bleeding \r\nAnd all you can see is red \r\nTil you discover it is within each other \r\nTo forgive and make amends \r\n\r\n[Verse 1] \r\nIf I had known then what I know now \r\nI wouldn\'t have said what I said \r\nI took the long road, thought I\'d be better on my own \r\nSometimes what\'s right is wrong instead \r\n\r\n[Pre-Chorus] \r\nCause I was too young \r\nAnd I didn\'t understand that \r\nYou were my one \r\nAnd I can\'t wait to see you again \r\n\r\n[Bridge] \r\nOh, I can\'t wait, I can\'t wait, I can\'t wait \r\n\r\n[Pre-Chorus] \r\nCause I was too young \r\nAnd I didn\'t understand that \r\nYou were my one \r\nAnd I can\'t wait to see you again \r\n\r\n[Chorus] \r\nI can\'t wait, I can\'t wait, I can\'t wait \r\nI can\'t wait, I can\'t wait, I can\'t wait \r\n(Wait to see you again) \r\n\r\n[Outro] \r\nOh, oh, oh \r\nAnd I can\'t wait to see you again', 36, 2),
(64, 'Waiting for love', 'And every night has its day, so magical \r\nAnd if there\'s love in this life, there\'s no obstacle \r\nThat can\'t be defeated \r\n\r\nFor every tyrant to tear upon the vulnerable \r\nIn every lost soul, the bones of the miracle \r\nFor every dreamer, a dream we\'re unstoppable \r\nWith something to believe in \r\n\r\nMonday left me broken \r\nTuesday I was through with hoping \r\nWednesday my empty arms were open \r\nThursday waiting for love, waiting for love \r\nBang the stars it\'s Friday \r\nI\'m burning like a fire gone wild on Saturday \r\nGuess I won\'t be coming to church on Sunday \r\nI\'ll be waiting for love, waiting for love \r\nTo come around \r\n\r\nFor every tyrant to tear upon the vulnerable \r\nIn every lost soul, the bones of the miracle \r\nFor every dreamer, a dream we\'re unstoppable \r\nWith something to believe in \r\n\r\nMonday left me broken \r\nTuesday I was through with hoping \r\nWednesday my empty arms were open \r\nThursday waiting for love, waiting for love \r\nBang the stars it\'s Friday \r\nI\'m burning like a fire gone wild on Saturday \r\nGuess I won\'t be coming to church on Sunday \r\nI\'ll be waiting for love, waiting for love \r\nTo come around', 38, 2),
(65, 'Wake me up', 'Feeling my way through the darkness \r\nGuided by a beating heart \r\nI can\'t tell where the journey will end \r\nBut I know where it starts﻿ \r\nThey tell me I\'m too young to understand \r\nThey say I\'m caught up in a dream \r\nWell life will pass me by if I don\'t open up my eyes \r\nWell that\'s fine by me \r\n\r\nSo wake me up when it\'s all over \r\nWhen I\'m wiser and I\'m older \r\nAll this time I was finding myself \r\nAnd I didn\'t know﻿ I was lost \r\n[x2] \r\n\r\nI tried carrying the weight of the world \r\nBut I only have two hands \r\nI hope I get the chance to travel the world \r\nAnd I don\'t have any plans \r\nI wish that I could stay forever this young \r\nNot afraid to close my eyes \r\nLife\'s a game﻿ made for everyone \r\nAnd love is a prize \r\n\r\nSo wake﻿ me up when it\'s all over \r\nWhen I\'m wiser and I\'m older \r\nAll this time I was finding myself \r\nAnd I didn\'t know I was lost \r\n[x2] \r\n\r\nI didn\'t know I was lost........................', 38, 2),
(66, 'Ngày mai em đi', 'Sao không ôm anh như lần đầu tiên em đến \r\nSao không hôn anh như ngày nào còn lưu luyến \r\nSao không vui lên như một thời bao thương mến \r\nMàu mắt em sao hôm nay muộn phiền \r\nTa chia tay nhau khi tình này đang say đắm \r\nMai em ra đi ngôi nhà này hoang vu lắm \r\nAnh gom cho em hết bao kỷ niệm êm ấm \r\nMọi thứ nơi đây đều thuộc về em \r\n\r\nĐK: \r\nNgày xưa cho nhau tình yêu đó, em mong em là tất cả \r\nVà muốn anh luôn bên em không bao giờ lìa xa \r\nMộng ước ngây ngô lúc ban đầu nay đã phai rồi \r\nTiễn đưa em về một tình yêu mới \r\nNgày mai anh không còn em nữa, không cho ai là tất cả \r\nĐể nỗi cô đơn theo anh đến một miền trời xa \r\nĐể nhắc cho anh biết bao ngày hạnh phúc êm đềm \r\nNhắc cho anh luôn còn lại một trái tim, yêu em \r\n\r\nMai em ra đi em phải thật vui lên nhé \r\nEm không yêu anh đâu cần buồn tênh như thế \r\nKhông nên quan tâm đến cuộc đời anh hoang phế \r\nMình hãy quên đi bao câu hẹn thề \r\nXem như hai ta không thuộc về nhau em nhé \r\nKhi xưa yêu nhau như một trò chơi thơ bé \r\nBa năm qua đi lớn khôn rồi đành là thế \r\nĐành rẽ chia hai người về hai lối', 34, 1);

-- --------------------------------------------------------

--
-- Cấu trúc bảng cho bảng `binhluan`
--

DROP TABLE IF EXISTS `binhluan`;
CREATE TABLE IF NOT EXISTS `binhluan` (
  `idBinhluan` int(10) NOT NULL AUTO_INCREMENT,
  `Kichthuoc` varchar(50) NOT NULL,
  `idThanhvien` int(10) NOT NULL,
  `idChitietbaihat` int(10) NOT NULL,
  PRIMARY KEY (`idBinhluan`),
  KEY `Binhluan_Thanhvien` (`idThanhvien`),
  KEY `Binhluan_Chitietbaihat` (`idChitietbaihat`)
) ENGINE=InnoDB AUTO_INCREMENT=11 DEFAULT CHARSET=utf8;

--
-- Đang đổ dữ liệu cho bảng `binhluan`
--

INSERT INTO `binhluan` (`idBinhluan`, `Kichthuoc`, `idThanhvien`, `idChitietbaihat`) VALUES
(1, '3000', 1, 1),
(2, '3000', 2, 2),
(3, '3000', 3, 3),
(4, '3000', 4, 4),
(5, '3000', 5, 5),
(6, '3000', 6, 6),
(7, '3000', 7, 7),
(8, '3000', 7, 7),
(9, '3000', 8, 8),
(10, '3000', 9, 1);

-- --------------------------------------------------------

--
-- Cấu trúc bảng cho bảng `casi`
--

DROP TABLE IF EXISTS `casi`;
CREATE TABLE IF NOT EXISTS `casi` (
  `idCasi` int(10) NOT NULL AUTO_INCREMENT,
  `HotenCasi` varchar(50) NOT NULL,
  `imageCasi` text NOT NULL,
  `NgaysinhCasi` date DEFAULT NULL,
  `QuequanCasi` varchar(255) DEFAULT NULL,
  `GioitinhCasi` tinyint(1) NOT NULL,
  `TieusuCasi` text,
  `idQuocgia` int(10) NOT NULL,
  PRIMARY KEY (`idCasi`),
  KEY `Casi_Quocgia` (`idQuocgia`) USING BTREE
) ENGINE=InnoDB AUTO_INCREMENT=37 DEFAULT CHARSET=utf8;

--
-- Đang đổ dữ liệu cho bảng `casi`
--

INSERT INTO `casi` (`idCasi`, `HotenCasi`, `imageCasi`, `NgaysinhCasi`, `QuequanCasi`, `GioitinhCasi`, `TieusuCasi`, `idQuocgia`) VALUES
(1, 'Huỳnh James', 'sg1.jpg', '1986-11-14', 'Phan Thiết', 1, 'Sinh sống và làm việc tại Phan Thiết, xuất thân là một BBoy chơi Breakdance từ năm 2004, sau đó anh bắt đầu tìm hiểu Rap vào năm 2005. Anh chơi song song hai thể loại, sống trong niềm đam mê HipHop và duy trì đến ngày hôm nay. Anh được nhiều bạn trẻ underground yêu thích với bản tính hài hước, nhạc anh viết với thể loại nhạc vui tươi mang đến sự thoải mái thư giản cho người nghe. Anh bắt đầu làm việc và hợp tác với phòng thu âm Mondo Records và cho ra các sản phẩm chất lượng mang đậm chất underground. Những bài hát đang là tâm điểm của các bạn trẻ và giới Underground. - Cho Họ Ghét Đi Em - Huỳnh James - Quăng Tao Cái Boong - Huỳnh James ft. Pjnboys - Dân Chơi Tỉnh Lẻ - Huỳnh James ft. Pjnboys - Bê Rồi Ông Cố Ơi - Huỳnh James ft. Pjnboys', 1),
(2, 'Hương Tràm', 'sg2.jpg', '1995-01-15', '\r\nTp Vinh, Nghệ An \r\n ', 0, 'Hương Tràm là con nhà nòi. Cô có ba là NSƯT Tiến Dũng và anh trai là thí sinh Sao Mai điểm hẹn 2010 Phạm Tiến Mạnh. Hương Tràm đã gây cơn sốt trong buổi lên sóng đầu tiên ở vòng Giấu Mặt của \"The Voice 2012\" khi cô chọn ca khúc kinh điển I Will Always Love You của Whitney Houston và đã được cả 4 vị huấn luyện viên xoay ghế chọn vào đội của mình. Tuy nhiên, Hương Tràm quyết định chọn ca sỹ Thu Minh là vị huấn luyện viên cho giọng ca của mình. Ngày 13/01/2013, Hương Tràm chính thức trở thành quán quân đầu tiên của Giọng Hát Việt.', 1),
(3, 'Soobin', 'sg3.jpg', '1992-09-10', 'Hà Nội', 1, 'Là một ca sĩ, nhạc sĩ và rapper trẻ đang được nhiều người yêu mến và Soobion hiện là ca sĩ của SpaceSpeakers Music Productionz. Tuy Hoàng Sơn sinh ra và lớn lên ở Hà Nội nhưng anh lại tập trung phát triển sự nghiệp ca hát của mình hơn trong những năm gần đây tại Tp. HCM.\r\nSở trường của Soobin Hoàng Sơn là các ca khúc R&B, thế nhưng mới đây nam ca sĩ Hà Thành này lại khiến khán giả không khỏi bất ngờ khi phát hành ca khúc mang phong cách pop ballad có tựa đề \"Phía sau một cô gái\", một sáng tác của nữ ca nhạc sĩ Tiên Cookie - Đánh dấu một nét nổi bật mới dành cho nam ca sĩ này. Không chỉ đổi mới về phong cách âm nhạc, Soobin Hoàng Sơn còn trau chuốt về hình ảnh lẫn giọng hát trong sản phẩm âm nhạc mới này. Bài hát này còn là một trong những bài hát được nghe nhiều nhất tại Việt Nam trong năm 2016.', 1),
(4, 'Trịnh Đình Quang', 'sg4.jpg', '1988-12-18', 'Nghệ An', 1, 'Sinh ra ở mảnh đất xứ Thanh, trong một gia đình không có ai theo hoạt động nghệ thuật. Tự học thu âm , hòa âm phối khí từ lớp 11. Sau khi tốt nghiệp phổ thông, Trịnh Đình Quang đã quyết định Nam tiến để theo đuổi đam mê nghệ thuật của mình. Tốt nghiệp trường Đại học văn hóa nghệ thuật khoa Piano năm 2012. Cơ duyên đến khi anh được một số người bạn tham gia CCtalk. Ban đầu, anh chỉ có suy nghĩ tham gia để giao lưu và hát cho mọi người nghe nhưng vì nhận được nhiều lời khen ngợi nên anh cảm thấy thích thú hơn với nghề cầm ca. Sau đó, khi ca khúc đầu tiên của Trịnh Đình Quang được lọt vào bảng xếp hạng, anh đã mừng rơi nước mắt. Và từ đó, khán giả ở Việt Nam, nhất là khán giả là giới trẻ đã không còn xa lạ với ca sĩ này, người đã làm nên những bản hit đình đám như ca khúc “Nếu em còn tồn tại”, “Thất tình”, “Thế giới ảo tình yêu thật”… Sau nhiều khó khăn Trịnh Đình Quang đang là nhà sản xuất âm nhạc ở Qstudio cũng là phòng thu của TĐQ. Hiện tại TĐQ đang hợp tác với những ca sỹ khác. Ngoài niềm đam mê ca hát Trịnh Đình Quang còn chạy theo niềm đam mê sáng tác và đã có 1 số sáng tác HIT như : Một Tình Yêu Đúng Nghĩa – Hồ Quang hiếu, Tìm Em – Hồ Quang Hiếu , Nếu Không Thể Đến Với Nhau - The Men, Anh Vẫn Luôn Là Anh – Chu Hiểu Minh, Quay Về Còn Kịp – Thiên Dũng… Những Album nổi tiếng của Trịnh Đình Quang: Con Nợ Mẹ (2014) Thế Giới Ảo Tình Yêu Thật (2015) Gã Điên Cua Gái (2015) Mưa Trong Lòng (2016) Ngày Em Trở Về (2017) Em Biết (2017)', 1),
(5, 'Jaykii', 'sg5.jpg', '1993-09-21', 'Hà Nội', 1, 'JayKii tên thật là Trần Anh Quân - một gương mặt ca sĩ-nhạc sĩ trẻ tài năng. Anh được công chúng biết tới sau khi lọt vào top 9 của cuộc thi “VietNam Idol 2013\". Sau khi rời khỏi chương trình VietNam Idol 2013, JayKii đã chính thức hoạt động âm nhạc chuyên nghiệp. Single đầu tay \"Chiều hôm ấy\", một ca khúc do chính anh sáng tác và thể hiện đã nhận được sự đón nhận nhiệt liệt từ công chúng thu hút hơn 25 triệu lượt xem trên Youtube và hơn 80 triệu lượt nghe trên MP3 Zing; đứng trong top 10 bảng xếp hạng trong nhiều tuần liền chỉ sau một thời gian ngắn phát hành. Vào ngày 11:11 ngày 11/11/2017 JayKii tiếp tục phát hành ca khúc Vài tháng qua - là câu chuyện tiếp nối từ Chiều hôm ấy cũng được giới phê bình đánh giá cao và dự đoán sẽ tạo nên làn sóng không thua kém gì “người anh em” của mình.', 1),
(6, 'Bích Phương', 'sg6.jpg', '1989-09-30', 'Quảng Ninh', 0, 'Bích Phương là ca sĩ trưởng thành từ cuộc thi Việt Nam Idol 2010. Năm 2011, cô nổi lên như 1 hiện tượng với hàng loạt những ca khúc Pop Ballad mang giai điệu trữ tình, lời ca đi sâu vào lòng người như: Vẫn, Có khi nào rời xa, Kí ức ngủ quên, v..v.. Bích Phương nhanh chóng chiếm được tình cảm của đông đảo khán giả trẻ nhờ giọng hát mượt mà, sâu lắng cùng ngoại hình xinh đẹp, nữ tính. ', 1),
(7, 'Justa Tee', 'sg7.jpg', '1996-10-15', 'Hà Nội', 1, 'Nick name: JayTee, JustaTee Ngày sinh: 01/11 Chiều cao: 1m 68 Cân nặng: 53 Kg Tiểu sử : Thành viên cũ của Click Click Boom, đang là thành viên trong Joker\'s Rule và LadyKillah Proz Khả năng: Composer, singer, mixer, beatzmaker Kinh nghiệm : Sáng tác và hát hơn 5 năm Chất giọng: Smooth Thể loại: R\'nB everystyle Hiện đang là Music Producer của LadyKillah Proz - Nhóm các Rappers/Singers hàng đầu VN như Lil\'Knight, Emily, Mr.T, Yanbi,Mr.A, Bueno, Phúc Bồ, TmT, Big Daddy..... Chất giọng: Smooth Thể loại : R&B/Hiphop Phong cách ăn mặc : Original Là 1 ca sỹ đi lên từ Underground với mức cảm nhạc khác người, họ nói anh là người đầu tiên mang đến định nghĩa thực về dòng nhạc R&B, khi mà trước đó chỉ là những bài hát Pop ngộ nhận, và đến bây giờ cũng chưa có nhiều người nhận thức đúng về dòng nhạc này Tiểu sử : Bắt đầu sáng tác từ năm 2004 với nick name JayTee, sau này được đổi thành JustaTee 2005 - 2008 : Là Rapper/Singer/Music producer trong nhóm Click Click Boom - nhóm nhạc rap đa thành viên đầu tiên tại Việt Nam 2008 : Bắt đầu đánh dấu sự nghiệp R&B 2010 : Cùng Lil\' Knight đồng sáng lập nên LadyKillah với sự điều hành của Mr.J ( Jan Saker ) làm nên website R&B/Hiphop lớn mạnh nhất hiện nay 20/08/2010: Ra mắt mini album JUST-A-TEE đánh dấu tên tuổi mình trên nền nhạc R&B của nước nhà . Ca khúc \"Sau tất cả\", với sự góp giọng của JustaTee và BigDaddy đã trở thành bài hit đình đám trong thế giới nhạc Việt. Trong chương trình The Remix - Hòa âm ánh sáng 2016, \"cặp bài trùng\" này lại tiếp tục có màn phối hợp ăn ý trong ca khúc \"Về nhà ăn tết\", ca khúc này đã trở thành bản hit trong những ngày đầu năm mới 2016. Trong năm 2016, \"cặp bài trùng\" này tiếp tục hợp tác trong single \"Dù anh có đứng lại\", một ca khúc mạng đậm cá tính của cả hai giọng ca, khiến khán giả phát cuồng về sự mới lạ trong phong cách. Những bài hát mang lại tên tuổi JustaTee : Người Lạ Nơi Cuối Đường, Imma HeartBreaker, K part 2, Không Tin 1 Sớm Mai Bình Yên REMIX, Call Me The Liar...', 1),
(8, 'Erik', 'sg8.jpg', '1997-10-13', 'Hà Nội ', 1, 'Nam nghệ sĩ solo - giọng ca chính của ST.319\'s Boygroup. THÀNH TÍCH & HOẠT ĐỘNG: - Năm 2012: Top 15 The Voice Kids ( Giọng hát việt nhí ) - Năm 2013: Giải vàng giai điệu Tuổi hồng toàn quốc - Năm 2014: Top 25 Ngôi sao việt Top 4 The winer is 2014 - Năm 2015: Vượt qua buổi thử giọng vào tháng 1/2015, ERIK chính thức trở thành trainee của ST.319 và tham gia vào quá trình đào tạo bài bản và chuyên nghiệp trong suốt 1 năm. ', 1),
(9, 'Nguyên Jenda', 'general.jpg', '1992-11-09', 'Hà Nội', 1, '', 1),
(10, 'Bảo Anh', 'sg9.jpg', '1992-11-13', 'Vũng Tàu', 0, 'Bảo Anh từng là gương mặt ấn tượng trong nhiều cuộc thi âm nhạc dành cho tuổi teen. Năm 2008, Bảo Anh lọt vào top 12 thí sinh vòng chung kết Tiếng ca học đường. Năm 2009, Bảo Anh tiếp tục đoạt giải đồng hạng với Văn Mai Hương tại \'Tiếng Hát Học Đường\' với ca khúc \'Ăn khế trả vàng\'. Năm 2010, Nguyễn Hoài Bảo Anh tiếp tục đoạt giải triển vọng cuộc thi H2T Icon 2010 do Báo Hoa học trò tổ chức. Năm 2012, Nguyễn Hoài Bảo Anh chinh phục được trái tim của 2 ca sỹ Thu Minh cùng nam ca sỹ nhạc rock Trần Lập trong cuộc thi Giọng hát Việt bằng chất giọng trong sáng và ngọt ngào. Thậm chí, cô cũng còn được ví là Taylor Swift phiên bản Việt lúc thể hiện ca khúc Safe and sound một cách khá trong trẻo, ngọt ngào cùng với hình tượng không khác như một công chúa. Tại thời điểm sau đó, Bảo Anh luôn gắn liền với các bản Ballad ngọt ngào, và truyền cảm. Cô đã nhanh chóng được các khán giả yêu mến với hàng loạt bài hit như là Anh muốn em sống sao, Và em đã biết mình yêu, Em đã từng yêu… Giữ một hình tượng ngây thơ, công chúa vào một thời gian dài, tới năm 2015, Bảo Anh tham gia vào The Remix và quyết định theo đuổi một hình tượng sexy. Bảo Anh ngày càng trưởng thành nhiều hơn ở trong phong cách âm nhạc cũng như là nhan sắc khiến cho nhiều khán giả hâm mộ bất ngờ. Năm 2016 là một năm thành công vượt trội của Bảo Anh cùng với 2 sản phẩm đình đám là Trái tim em cũng biết đau và Yêu một người vô tâm. Đây là 2 ca khúc đã từng làm mưa, làm gió trên khá nhiều bảng xếp hạng âm nhạc và cũng giúp cho nữ ca sĩ giành được khá nhiều giải thưởng uy tín. 2017 cô hợp tác cùng Bùi Anh Tuấn thể hiện ca khúc Thanh Xuân Của Chúng Ta với giai điệu trẻ trung, sôi động và gần đây nhất sau khi chính thức chia tay Hồ Quang Hiếu thì nữ ca sĩ đã phát hành single Sống Xa Anh Chẳng Dễ Dàng.', 1),
(11, 'FloD, M', 'general.jpg', '1993-08-06', 'Hà Nội', 1, '', 1),
(12, 'Khắc Việt', 'sg10.jpg', '1989-10-04', 'Hà Nội', 1, 'Nickname: Việt Vui Vẻ (do fanclub dành tặng)\r\nĐã tốt nghiệp Học viện Âm nhạc Quốc gia Việt Nam, khoa Thanh nhạc vào năm 2005;\r\nTính đến thời điểm hiện nay đã sáng tác hơn 100 ca khúc, trong đó có một số ca khúc được đông đảo khán giả trẻ yêu thích.\r\nSinh ra và lớn lên ở Yên Bái, trong một gia đình không có ai theo nghệ thuật, bố mẹ là công chức; sau khi học xong phổ thông, Khắc Việt cùng em ruột của mình thi đỗ Nhạc viện Hà Nội (Học viện Âm nhạc Quốc gia bây giờ) vào năm 2005.\r\nTốt nghiệp khoa Thanh nhạc, nhưng Khắc Việt lại bén duyên với con đường sáng tác khi cho ra mắt ca khúc đầu tay với tựa đề \'Quên\' vào năm 2009. Sau khi phát hành một thời gian ngắn, ca khúc \'Quên\' do chính Khắc Việt thể hiện đã trở thành một hit trên mạng vào thời gian đó và liên tục đứng vị trí cao tại các bảng xếp hạng âm nhạc online. Với thành công đó, Khắc Việt đã tiếp tục cho ra đời album online \'Câu Chuyện Tình Yêu\' để chuẩn bị cho con đường ca hát chuyên nghiệp của mình.\r\nĐầu năm 2010, single \'Như Vậy Nhé\' được phát hành online và nhận được rất nhiều sự ủng hộ của khán giả, đặc biệt là cộng đồng mạng. Với chất giọng nam cao, sáng, đầy nội lực nhưng không kém phần tinh tế, Khắc Việt gây ấn tượng với khán giả bằng các ca khúc trữ tình, đậm chất pop-ballad trong thời gian qua. Có thể nói đây là một sở trường mà Khắc Việt đã biết khai thác đúng hướng. Không có thế mạnh về ngoại hình như nhiều ca sĩ hiện nay nhưng Khắc Việt tự tin với âm nhạc mang dấu ấn riêng của mình sẽ khiến cho khán giả \'bắt tai\'. Với âm nhạc, Khắc Việt đặt ra tiêu chí chú trọng phần nghe hơn là phần nhìn.\r\nBên cạnh ca hát thì sáng tác là niềm đam mê của Khắc Việt ngay từ khi bước chân vào con đường ca hát. Sở hữu hơn 100 ca khúc tính đến thời điểm bây giờ, cái tên Khắc Việt đang được nhiều ca sĩ thị trường tìm đến cộng tác cùng trong các dự án âm nhạc của họ. Hiện tại, Khắc Việt đang là sáng tác chính cho một số ca sĩ như Nam Cường, Cao Thái Sơn, Nhật Tinh Anh, Quỳnh Nga, nhóm The Men… Những sáng tác của Khắc Việt như: Yêu Thương Quay Về, Bình Yên Nhé (Cao Thái Sơn); Phải Là Anh, Đoạn Cuối Con Đường (Nam Cường); Chờ Em Trong Đêm (The Men); Suy Nghĩ Trong Anh (Duy Khoa)… là những bài hát đang nằm trong top hot các ca khúc được nghe nhiều nhất trên một số kênh âm nhạc hiện nay.', 1),
(13, 'Lynk Lee', 'sg11.jpg', '1988-10-24', 'Bắc Giang', 1, 'Lynk Lee là chàng sĩ trẻ được rất nhiều người biết đến, anh được fan hâm mộ gọi với cái tên thân mật là “chàng ca sĩ của học sinh”. Anh đã sống và làm việc chủ yếu ở tại thủ đô Hà Nội. Anh đã được các khán giả chú ý đến sau khi anh hát những ca khúc về tuổi học trò như là Tạm biệt nhé, bài hát Ngày ấy bạn và tôi… hay các bản cover khoe được chất giọng chứa đầy cảm xúc. Anh là một người yêu âm nhạc, anh chàng đam mê ca hát ngay từ khi anh còn nhỏ tuổi. Anh đã tham gia vào trong các phong trào hoạt động từ lúc anh mới 6 tuổi. Tập sáng tác các bài hát thiếu nhi trong năm 12 tuổi. Anh đã tốt nghiệp THPT với tấm bằng loại giỏi. Năm 2007, thì anh đã theo học tại trường Đại Học Mở Hà Nội thuộc khoa tiếng anh. Các giải thưởng đã đạt được: Giải nhất cuộc thi Tiếng hát SV Viện ĐH Mở Hà Nội năm 2009, 2010. Giải Nhất trong cuộc thi Khuấy động đam mê năm 2010. Giải Nhất cuộc thi Honda BeUnik 11 vào năm 2011. Giải Nhất chung cuộc trong Gameshow My sound do Imuzik được tổ chức vào năm 2011. Lọt vào trong vòng bán kết trong chương trình Vietnam’s Got Talent năm 2013. Các album đã phát hành: Tạm Biệt Nhé (2012) Tiếng Mưa (Single) (2012) Quà Tặng Ngày Yêu (2012) Nếu Có Thể Được Yêu (2012) Hoàng Hôn Tắt (Single) (2013) Ngày Ấy Bạn Và Tôi (2013) Nắm Chặt Tay Anh Nhé (Single) (2013) Cho Tôi Xin Một Vé Đi Tuổi Thơ (Single) (2013) Nhật Ký Lớp Tôi (2014) Tát Nước Đầu Đình (Single) (2015) Việt Nam Quê Tôi (2016) Em Ơi (Single) (2016) Ngày Chia Tay (2017) Chờ Một Ngày Nắng (Single) (2017)', 1),
(14, 'Đức Phúc', 'sg12.jpg', '1998-07-15', 'Hà Nội', 1, 'Đức Phúc là quán quân Giọng hát Việt mùa 3 đồng thời là sinh viên trường Đại học Xây dựng Hà Nội. Hiện anh đang hoạt động nghệ thuật với vai trò ca sĩ do công ty Mỹ Tâm Entertainment quản lý. Năm 2015 anh tham gia cuộc thi Giọng hát Việt. Trước khi tham gia Giọng hát Việt anh cũng đã từng tham gia hai cuộc thi khác đó là Vietnam Idol và Vietnam\'s Got Talent nhưng đều bị loại ở ngay vòng đầu. Sau 6 tháng tham gia cuộc thi dưới sự đẫn dắt của Mỹ Tâm vào ngày 20/09/2015 anh chính thức trở thành quán quân nam đầu tiên của Giọng hát Việt với tỷ lệ tin nhắn bình chọn áp đảo 49.25%. Sau hơn 2 tháng kể từ khi đăng quang ngôi vị Quán quân chương trình The Voice, Đức Phúc chính thức giới thiệu đến công chúng và khán giả yêu âm nhạc sản phẩm đầu tay của mình, MV “Chỉ Một Câu”. MV được sự hỗ trợ thực hiện từ Công ty MT Entertainment của ca sĩ Mỹ Tâm. Đây có thể xem là việc làm nhằm hiện thực hóa lời hứa sẽ đồng hành, hỗ trợ cậu học trò nhỏ mà “Họa mi tóc nâu” từng hứa trong cuộc thi The Voice. Không quá bất ngờ nhưng điều này cũng tạo ra nhiều thú vị bởi từ trước đến nay Mỹ Tâm gần như chưa bao giờ chính thức nhận lời hỗ trợ “toàn tập” cho bất kỳ ca sĩ trẻ nào. Với quyết định dìu dắt Đức Phúc từ những bước đi đầu tiên, Mỹ Tâm thêm một lần nữa khẳng định quan điểm mà cô nhiều lần phát biểu trong cuộc thi The Voice, rằng một nhân tố không có lợi thế ngoại hình vẫn có thể khẳng định được vị trí trong showbiz nếu có chiến lược, đường hướng cũng như sự đầu tư đúng mức. MV “Chỉ Một Câu” cũng là sản phẩm gắn mác cá nhân thực thụ đầu tiên của Đức Phúc trên hành trình hoạt động nghệ thuật với tư cách là một ca sĩ - một ca khúc hoàn toàn mới được nhạc sĩ Phạm Toàn Thắng sáng tác riêng cho giọng ca Đức Phúc. Có thể xem MV “Chỉ Một Câu” như một lời tri ân mà Đức Phúc muốn gửi đến khán giả, đặc biệt là những người đã ủng hộ mình xuyên suốt cuộc thi Giọng hát Việt 2015. Nội dung MV xoay quanh câu chuyện tình cảm của một chàng trai dành cho một cô gái nhưng vì nhút nhát nên anh chẳng dám ngỏ lời. Tất cả tâm tư, tình cảm anh đem hết vào những trang thư. Đến một ngày, khi lấy đủ can đảm để ngỏ lời thì chàng trai phát hiện ra sự thật phũ phàng là cô gái đã có bạn trai. Với tâm trạng buồn bã, cô đơn, hụt hẫng, Đức Phúc đã thể hiện hình ảnhmột chàng trai thất tình đầy cảm xúc trong phần kết của MV. Bối cảnh quay MV khá đơn giản, thiên về khai thác tâm lý và cảm xúc để làm nền nâng giọng hát sâu lắng, tình cảm của người hát nhiều hơn là trưng trổ những kỹ thuật, kỹ xảo hoành tráng. Chia sẻ cảm giác của mình, Đức Phúc cho biết: “Lần đầu tiên được hát ca khúc của riêng mình, rồi còn được quay MV nữa nên em vui lắm (cười). Bên cạnh đó, em cũng khá hồi hộp vì không biết khán giả sẽ đón nhận sản phẩm đầu tay của mình như thế nào. Hi vọng mọi người sẽ yêu thích và ủng hộ để em có thêm động lực cho những sản phẩm tiếp theo”. Sản phẩm âm nhạc đầu tay này đã mang về cho Đức Phúc và tác giả giải thưởng \"Ca sĩ thể hiện hiệu quả\" và \"Bài hát của tháng\" trong chương trình Bài hát Việt tháng 11 năm 2015. và giải thưởng \"Ca sĩ được yêu thích nhất\" do khán giả bình chọn trong đêm chung kết Bài hát Việt 2015.. \"Chỉ một câu\" cũng xuất hiện trong danh sách đề cử sơ bộ \"Bài hát của năm\" của Giải thưởng Âm nhạc Cống hiến lần thứ 11. Đầu năm 2016 anh tham gia chương trình VTV Bài hát tôi yêu với MV \"Giấu mặt\". Anh đã giành giải 3 (MV Đồng)', 1),
(15, 'Only C', 'sg13.jpg', '1986-02-20', '', 1, 'Vốn có năng khiếu âm nhạc...được bố cho tiếp xúc với âm nhạc và truyền đạt hiểu biết kiến thức âm nhạc từ lúc bé.. Biết chơi Guitar, piano và trống năm 16 tuổi ..và được sở hữu dàn nhạc riêng ở nhà nên tự tập và tự biết chơi các nhạc cụ không qua trường lớp đào tạo Đến năm 18 tuổi bắt đầu mò mẫm các kỹ năng phòng thu : thu âm, mix + master và được đi tu nghiệp học hỏi kỹ năng phòng thu tại Singapore Năm 2009 chính thức làm việc chuyên nghiệp với vai trò là nhạc sỹ - nhà sản xuất âm nhạc với album đầu tay cùng ca sỹ Khổng Tú Quỳnh : Try To Up Anh cũng là nhà sản xuất cho đội của Isaac (thành viên ban nhạc 365) trong chương trình Hòa âm Ánh sáng mùa 1. Các giải thưởng anh đạt được : Ca khúc Song ca/Nhóm ca Được yêu thích nhất Zing Music Awards năm 2015. Top 10 nhạc sĩ được yêu thích nhất Làn Sóng Xanh năm 2015. Top 10 nhạc sĩ được yêu thích nhất Làn Sóng Xanh năm 2016. Sau đó là một loạt những sản phẩm khẳng định vị trí nhất định trong Vpop : + Album Nhận ra - Miu Lê. + Singler Ngày anh xa, Em nhớ Anh - Miu Lê. + Oh my love , Nơi Anh không thuộc vê - 365. + Beautiful girl - Minh Hằng. + Yêu Là Tha Thu (Em Chưa 18 OST) (Single). + Yêu Đi Đừng Sợ (OST Yêu Đi Đừng Sợ) (Single). + Đếm Ngày Xa Em , Não Cá Vàng (Single)- Lou Hoàng. Ngoài ra còn rất nhiều các ca sỹ trẻ khác đang cùng hợp tác với OnlyC. Hiện tại OnlyC đang làm việc trong vai trò Music producer và thức hiện các dự án trong nước cũng như các nước lân cận để hướng tới môi trường làm việc chuyên nghiệp hơn .', 1),
(16, 'Ed Sheeran', 'sg14.jpg', '1991-02-17', 'England', 1, 'Starting in 2005, Ed Sheeran made a series of five self-produced EPs .\r\n\r\nHe signed a contract with the label Asylum Records , a subsidiary of Atlantic Records in early 2011. His first album, + , released in September 2011, reached the 1 st  place of the sales in the United Kingdom 7 , where he ranked among the top ten best sellers of the year 2011 8 . The album also enjoys international success (No. 1 in Australia, No. 5 in the United States and Canada ...), reaching 4 million copies sold 9 thanks to the singles The A Team, You need I do not need you, Lego House (which all rank in the Top 5 in the UK), Drunk, Small Bump andGive me love .\r\n\r\nAfter playing in several UK festivals in the summer of 2011, he was awarded at the UK Festival Awards  (in) in the category \"young talent\" 10 . At the end of 2011, the singer founded the label Paw Print Records in order to reissue his five self-produced EPs before his signature at Asylum 11 . On 25 November, he performed at the Hallenstadion in Zurich when Gary Lightbody (the leader of Snow Patrol ) 12 offers to participate in their tour of the United States 13 .\r\n\r\nAt the 2012 Brit Awards , Ed Sheeran wins two awards: Best British Male Solo Artist and Revelation of the Year. His records were also named in the categories Best Album and Best Single 14 .\r\n\r\nHe then collaborates with the One Direction and writes songs for their albums Up All Night and Take Me Home . In 2012, he composed Everything Has Changed for the album Red of Taylor Swift , and made the first parts of his tour in 2013 Red Tour . It also occurs during the closing ceremony of the Olympic Summer Games in 2012 in London by interpreting Wish You Were Here by Pink Floyd , with Mike Rutherford and Nick Mason 15 . At the end of 2013, he signed the song I See Fire, closing credits of The Hobbit: The Desolation of Smaug .', 2),
(17, 'Luis Fonsi', 'sg15.jpg', '1978-08-15', 'San Juan', 1, 'In 1998 , Luis Fonsi began his career with a first opus called Comenzaré from which songs such as Por Ella , Si tú quisieras 3 ... were a great success, his album rose to the top of sales in many countries from South America, which will earn him his first Gold Record .\r\n\r\nEterno , released in 2001, is experiencing the same success, thanks to the song Imagíname sin tí which makes it known to the general public. He won a second RR record. Luis Fonsi continues his career by giving concerts around the world and television performances. In 2002 released the album Amor secreto from which is extracted the title Quisiera poder olvidarme de ti . This album is rewarded by a third Gold Record.\r\n\r\nThe album Abrazar la vida , released in 2003, is ranked in the best album sales since its release. The first single extracted Quién te dijo eso? is one of the most listened songs of the year 2003 [ref. necessary] . This album differs from others because the rhythms are no longer RnB as Luis was used to, but it is marked by the heterogeneity of rhythms and themes that compose it. In this same album appears the duet with Christina Valemi, the fuerza of mi corazón , soundtrack of the cartoon The Legend of the Cid .\r\n\r\nNada es para siempre is the first title released in 2005 from the album Paso a Paso , more intimate because it is inspired by a story that affected his personal life in the year that preceded: in fact, in 2004, his companion Adamariz has breast cancer 2 .\r\n\r\nAlthough he is better known as a singer, Luis is also a composer . He has written many titles for artists such as Olga Tañón and Ednita Nazario. He also collaborated with Christina Aguilera for the song Si no te hubiera conocido on the Spanish album of the latter. He was the first part of the Britney Spears tour in his early days. He also took one of his songs as a duet with David Bustamante  : Perdóname . Recently [When?] , He sings Amazing with Emma Bunton (former member of the Spice Girls). He takes part in other events such as the Jubilee 2000, the concert for the victims of the attacks of September 11, 2001 and the election of Miss World 2003.\r\n\r\nAt the end of 2006, the album Grandes Éxitos 98:06 was released, which includes previously published titles such as Amor Secreto , Nada es Para Siempre , Imaginame sin ti and Quien te dijo eso , as well as unpublished Tu Amor songs , No lo Digas Mas and Vives in E . Luis Fonsi also tries to reggaetón collaborating in 2007 with Wisin y Yandel on the title Yo te Quiero .\r\n\r\nIn early 2010, he participated in the recording of the song Somos el mundo (Spanish version of We Are the World ) for the benefit of the victims of the earthquake in Haiti .\r\n\r\nOn May 19, 2014, he released his album 8 which are extracted titles Corazón in the maleta , Que quieres de mi or Llegaste tú in collaboration with Juan Luis Guerra, song entirely written for his daughter Mikaela.\r\n\r\nIn 2016, he participates in the album We Love Disney performing the song Esta noche es para amar\r\n\r\nIn 2017, he returns with a new hit Despacito featuring Daddy Yankee. It\'s a huge success around the world.\r\n\r\nOn June 16, 2017, he released the album Despacito & Mis Grandes Éxitos , exclusively in France. It\'s an album that includes the original version of Despacito , the remix with Justin Bieber , the salsa version of Despacito (with Víctor Manuelle ), the song Wave your Flag , featuring with Afrojack , and all the greatest hits of Luis Fonsi, such as Corazón in the maleta or Nada es para siempre . This album was released worldwide on September 15th. The same year, on November 17, he released his single in collaboration with Demi Lovato , Échame La Culpa .', 2),
(18, 'Alan Walker', 'sg16.jpg', '1997-04-25', 'Northampton', 1, 'Born in Northampton to a British father and a Norwegian mother , Alan Walker leaves England to live with his parents in Bergen , in southwestern Norway , when he is two years old. Having grown up in the digital age, he finds early interest in computers and graphics . Although he has no basic musical knowledge, he learns self- taughtly by browsing videos on YouTube. In 2012, he began to compose on his laptop and very quickly, his titles attract the attention of record companies.', 2),
(19, 'Westlife', 'sg17.jpg', '1998-04-26', '', 1, 'The Westlife group was born in July 1998 as Westside, when Shane Filan , Kian Egan and Mark Feehily , from Sligo in northwestern Ireland and then members of a group called IOU, auditioned Nicky Byrne and Brian McFadden in Dublin. They are managed by Louis Walsh , who was already in charge of Boyzone , the largest boy band in the 1990s . \r\nIn 1998, the five boys played the first part of the Backstreet Boys concert in Dublin, and were then signed by Simon Cowell and BMG . Ronan Keating, leader of Boyzone, joins the team as co-manager.\r\n\r\nIn 1999, Westside changed its name to Westlife. The band releases its first single, Swear It Again , which is directly in first place on the UK charts. If I Let You Go , in August, and Flying Without Wings , in November, follow the same path. Their first album, Westlife , comes out in the wake and reaches the second place of the hit albums. Westlife becomes the first-ever millennials when their double single, I Have a Dream / Seasons in the Sun, beat Cliff Richards\' Christmas single to lead British hits.', 2),
(20, 'Bruno Mars', 'sg18.jpg', '1985-10-08', 'Honolulu', 1, 'Peter Gene Hernandez (sinh 8 tháng 10 năm 1985), được biết đến với nghệ danh Bruno Mars Là một ca sĩ-nhạc sĩ và nhà sản xuất thu âm người Mỹ. Mars lớn lên trong một gia đình nghệ sĩ ở Honolulu, Hawaii và anh đã bắt đầu ca hát từ khi còn nhỏ. Sau khi biểu diễn nhiều nơi ở quê nhà quê anh thời niên thiếu, anh quyết định theo đuổi sự nghiệp ca hát. Anh đã bắt đầu sản xuất bài hát cho các nghệ sĩ khác, tham gia nhóm sản xuất The Smeezingtons. Bruno Mars được ghi nhận là một nghệ sĩ hát đơn thực sự sau khi anh góp giọng và đồng sáng tác các bài hát \"Nothin\' on You\" của B.o.B và \"Billionaire\" của Travie McCoy. Anh cũng đồng sáng tác các hit \"Right Round\" của Flo Rida và Kesha, \"Wavin\' Flag\" của K\'naan, \"Fuck You!\" của Cee Lo Green. Tháng 10 năm 2010, anh phát hành album đầu tiên của mình, Doo-Wops & Hooligans, đã đạt đến vị trí số 3 trên Billboard 200. Hai đĩa đơn từ album này, \"Just the Way You Are\" và \"Grenade\" đều đã đạt vị trí quán quân trên Billboard Hot 100. 1 Danh sách đĩa nhạc 2 Giải thưởng và đề cử 3 Tham khảo 4 Liên kết ngoài [sửa]Danh sách đĩa nhạc Bài chi tiết: Danh sách đĩa nhạc của Bruno Mars Doo-Wops & Hooligans (2010) [sửa]Giải thưởng và đề cử Năm	Đề cử cho	Sự kiện	Giải thưởng	Kết quả 2010 \"Nothin\' on You\"	BET Awards[4]	Hợp tác xuất sắc nhất	Đề cử Video của năm	Đề cử BET Hip Hop Awards[5]	Video hip hop xuất sắc nhất	Đề cử Reese\'s Perfect Combo Award	Đề cử Verizon People\'s Champ Award	Đề cử Giải Video âm nhạc của MTV[6]	Video pop xuất sắc nhất	Đề cử MTV2 Sucker Free Summit Awards[7] Instant Classic	Đề cử Soul Train Music Awards[8]	Bài hát của năm	Đoạt giải Teen Choice Awards[9]	Đĩa đơn xuất sắc nhất	Đề cử 2011	Giải Grammy[10]	Bài hát rap xuất sắc nhất	Đề cử Best Rap/Sung Collaboration	Đề cử Ghi âm của năm Đề cử \"Fuck You!\"	Đề cử Bài hát của năm	Đề cử \"Just the Way You Are\"	Best Male Pop Vocal Performance	Đoạt giải The Smeezingtons	Produce r of the Year, Non-Classical	Đề cử Bruno Mars	NAACP Image Awards[11]	Nghệ sĩ mới nổi bật Chưa công bố', 2),
(21, '911', 'sg19.jpg', NULL, NULL, 1, '911 là 1 boyband người Anh được thành lập vào năm 1995 và phát hành album đầu tiên của họ vào tháng 5 năm 1996. Với khá nhiều thành công trong sự nghiệp âm nhạc, họ là một trong những boyband được yêu thích nhất ở thập niên 90 - thế kỷ XX. Cùng lắng nghe và cảm nhận tại Homnaynghegi.tk', 2),
(22, 'Passenger', 'sg20.jpg', '1984-05-17', 'Brighton', 1, 'Michael \"Mike\" David Rosenberg born on May 17 , 1984in Brighton ( East Sussex ), better known by his stage name Passenger , is an English folk singer-songwriter . His nickname comes from the folk-rock group of which he is the founder, principal singer and composer. The band released a single album. When band members decide to separate in 2009, Mike Rosenberg chooses to keep the band\'s name as the stage name for his solo career. He is best known for his song Let Her Go (2012).\r\n\r\nMike Rosenberg is particularly known for his appearances ( busking ) that he regularly does on the streets. It happens that a few hundred people attend these public presentations. This is how he began his career.', 2),
(23, 'Andiez', 'sg21.jpg', '1995-02-10', 'Tp Hồ Chí Minh', 1, 'Hiện tại thì Andiez đang là sinh viên trường Nguyễn Tất Thành . Đam mê âm nhạc từ khi còn bé , và bắt đầu hát và sáng tác chuyên nghiệp vào đầu năm lớp 10 . Andiez có phong cách âm nhạc nghiêng về Ballad/RnB , đôi khi 1 chút Pop cho đổi mới . Hiện đang là Leader của Cosmo Riot hoạt động về âm nhạc underground gồm composer và beatmaker. Là thành viên của Different Team Compose & Produce', 1),
(24, 'Lê Hiếu', 'sg22.jpg', '1995-10-02', 'Hà Nội', 1, 'Lê Hiếu tên thật là Lê Trung Hiếu sinh năm 1984 tại Hà Nội, là một ca sĩ thuộc dòng nhạc nhẹ của Việt Nam. Lê Hiếu bắt đầu sự nghiệp âm nhạc bắt đầu từ năm 2001 khi anh tham gia và đạt giải trong cuộc thi Giọng hát hay học sinh - sinh viên toàn quốc năm 2001. Tuy nhiên đến cuối năm 2003 Lê Hiếu mới cho ra album đầu tay. Anh bắt đầu sự nghiệp âm nhạc chuyên nghiệp của mình tại thành phố Hồ Chí Minh dưới sự giúp đỡ của 2 nhạc sĩ là Bảo Chấn và Quốc Bảo. Anh hiện nay đang là ca sĩ của hãng thu âm Music Face. Các album Lê Hiếu đã phát hành 1. Vol.1 Đêm Tan & Ngày Lên (2003) 2. Vol.2 (2004) 3. Vol.3 (2005) 4. Vol.4 Để Trọn Đời Thương Nhớ (2006) 5. Vol.5 Cơn Đau Cuối Cùng (2007) 6. Tình khúc Cho Em (2007) 7. Về Đây Em (2007) 8. Baby Let Me Go (2008) 9. Dạ Khúc Dương Cầm (2008) 10. Mùa Thu Cho Em (2010) 11. Chỉ còn những kỷ niệm (tháng 5/2011) 12. Bài Hát Để Kết Thúc (2014) 13. Ngày Mai Sẽ Khác (Single) (2017) 14. Ngày Mai Em Đi (Touliver Mix) (2017) Ca khúc thành công * Cơn đau cuối cùng. * Con đường màu xanh (với ca sĩ Lệ Quyên). * Niệm khúc cuối. * Như đã dấu yêu. Giải thưởng: 1. Huy chương vàng thi Giọng hát hay học sinh - sinh viên thành phố Hà Nội. 2. Huy chương vàng Giọng hát hay các tỉnh đồng bằng Bắc Bộ. 3. Huy chương Vàng cuộc thi Tiếng hát Học sinh sinh viên toàn quốc 2001.', 1),
(25, 'Noo Phước Thịnh', 'sg23.jpg', '1988-12-18', 'Tp Hồ Chí Minh', 1, 'Tên đầy đủ của Noo Phước Thịnh là Nguyễn Phước Thịnh. Anh giải thích rằng do anh sinh vào ngày 18 tháng 12, cận ngày Noel nên ba mẹ anh lấy luôn chữ Noel làm tên gọi ở nhà. Tuy nhiên, chữ Noel hơi khó đọc đối với một số người lớn tuổi trong nhà, nên mọi người chuyển sang gọi Nô. Rồi ba mẹ anh lại thấy chữ Nô mang tính \"phủ định\" quá, nên quyết định thêm một chữ O nữa thành Noo.', 1),
(26, 'Justin Bieber', 'sg24.jpg', '1994-03-01', 'Camada', 1, 'Justin Bieber tên khai sinh là Justin Drew Bieber, sinh ngày 1 tháng 3 năm 1994. Anh là một ca sĩ nhạc Pop/R&B người Canada. Những clip của anh được Scooter Braun xem tại Youtube, hiện nay ông là quản lí của Justin Bieber. Braun và Justin đã đến Atlanta, Georgia để thảo luận với Usher. Anh là dự án đầu nối giữa Braun và Usher được gọi là Raymond-Braun Music Group, sau đó là L.A. Reid và Island Def Jam. Đĩa đơn đầu tiên của anh là One Time đã phát hành vào hè năm 2009, được lọt vào bảng xếp hạng 30 trong 10 quốc gia và nằm trong album đầu tiên My World ra mắt công chúng vào ngày 17-11-2009, nhận được nhiều lời khen từ RIAA, nơi đã đưa Justin lên đỉnh cao nhất của các nghệ sĩ mới trong năm. Bản thu đầy đủ đầu tiên của anh My World 2.0 đã được ra mắt vào ngày 23-3-2010 và được giới thiệu qua hit Baby. Anh sẽ bắt tay vào tour đầu tiên của minh có tên là My World Tour vào hè 2010. Justin Bieber còn là ngôi sao hot nhất của năm 2009 của tạp chí J-14, nghệ sĩ mới của năm do MuchMusic( một kênh truyền hình âm nhac của Canada bằng tiếng Anh) bình chọn và là 1 trong Top 10 ngôi sao trên Youtube của thập niên 2000 theo danh sách của Celebuzz.', 2),
(27, 'MIN', 'sg25.jpg', '1988-12-07', 'Tp Hồ Chí Minh', 0, 'Tên thật: Nguyễn Minh Hằng\r\nQuốc Gia: Việt Nam\r\nMIN đã có một bước đột phá mới trong sự nghiệp nghệ thuật, khi giới thiệu tới báo giới và người yêu nhạc ca khúc \"TÌM\" như một khởi đầu tốt đẹp cho con đường ca hát chuyên nghiệp. \"TÌM\" là một trong những ca khúc được tìm nghe nhiều nhất trên mạng xã hội, trong tháng 12/2013, và cũng là sản phẩm mở đường, giúp Min thêm nhiều cơ hội hợp tác cùng các nghệ sĩ trẻ khác. Với giọng hát tình cảm ngọt ngào và cá tính, có thể nói rằng, Min như một cơn gió lạ, một hình tượng mới của giới nghệ thuật Việt Nam, đang từng bước khẳng định được chính mình với sự ủng hộ của thế hệ trẻ. 2017 phát hành các singles như Ghen, Chưa Bao Giờ Mẹ Kể, Có Em Chờ......', 1),
(28, 'Sơn Tùng M-TP', 'sg26.jpg', '1994-07-05', 'Thái Bình ', 1, 'Nguyễn Thanh Tùng hay được biết đến với nghệ danh Sơn Tùng M-TP (sinh ngày 5 tháng 7 năm 1994 tại Thái Bình) là một ca sĩ, nhạc sĩ nhạc pop Việt Nam. Sơn Tùng đã từng giành 4 đề cử và 1 giải giải Cống hiến cùng với hai giải Bài hát yêu thích với các ca khúc \"Cơn mưa ngang qua\" và \"Em của ngày hôm qua\"[1]. Anh cũng hai lần là khách mời biểu diễn của chương trình Thần tượng âm nhạc Việt Nam.[2]\r\n\r\nNăm 2015, Sơn Tùng M-TP đã nhận được giải Diễn viên trẻ triển vọng tại lễ trao giải Cánh diều vàng cho phần diễn xuất của mình trong phim Chàng trai năm ấy.\r\n\r\nTrong danh sách Top 10 tìm kiếm nhiều nhất trên Google Việt Nam năm 2015 có đến 4 từ khóa liên quan đến nam ca sĩ Sơn Tùng M-TP. Ba bài hát, một bộ phim của Sơn Tùng đó là các ca khúc \"Âm thầm bên em\" được tìm kiếm nhiều thứ 2 trong năm. Bài hát \"Không phải dạng vừa đâu\" xếp thứ 3, \"Khuôn mặt đáng thương\" xếp thứ 6 và bộ phim Chàng trai năm ấy có vai diễn của Sơn Tùng xếp thứ 10.[3]\r\n\r\nTrưởng thành từ nhạc underground, Sơn Tùng M-TP bị \"nghi ngờ\" đạo nhạc nhiều lần. Các ca khúc của Tùng được cho là đã lấy phần beat (nhạc nền) từ các bài hát nổi tiếng ở Hàn Quốc, Nhật Bản hay Mỹ.\r\n\r\nSơn Tùng M-TP đã có 2 lần giúp ca khúc Việt Nam đứng trong top 10 ca khúc nhiều lượt xem trong một ngày trên YouTube. Đặc biệt ca khúc \"Nơi này có anh\" phát hành năm 2017 đã đứng vị trí thứ nhất với hơn 9 triệu lượt xem trong ngày 14/2.', 1),
(29, 'Trung Quân', 'sg27.jpg', '1989-01-20', 'Đà Lạt', 1, 'Trung Quân tên đầy đủ là Bùi Nguyễn Trung Quân sinh ngày 20/01/1989 tại Đà Lạt. Anh được biết đến với cái tên Trung Quân Idol khi tham gia Thần tượng âm nhạc Việt Nam mùa thứ ba năm 2010 và liên tục ra các bài hit cho đến nay. Anh là cựu sinh viên của Trường Đại học Kiến trúc Thành phố Hồ Chí Minh. Sinh ra và lớn lên ở Đà Lạt, tuy bố mẹ không ai hoạt động nghệ thuật, nhưng gia đình ai cũng có máu nghệ sĩ. Anh ruột của Quân là rapper Quân Rapsoul – vừa đầu quân cho công ty Music Faces vào hè năm ngoái. Và giọng ca “bay” mà Quân có được cũng thừa hường từ mẹ. Trước Vietnam Idol, anh từng hát cho các TVC quảng cáo. Thành tích tại các cuộc thi âm nhạc trước đây: TOP 100 cuộc thi Tiếng ca học đường 2008. Trung Quân cũng từng tham gia Vietnam Idol năm 2008 nhưng dừng lại ở Top 16. Năm 2010, Trung Quân tiếp tục dự thi Vietnam Idol và dừng chân ở Top 8 của chương trình. Ca khúc của năm YAN Vpop 20 Awards năm 2014. Ca khúc của năm Zing Music Awards năm 2014. Ca khúc pop/rock được yêu thích nhất Zing Music Awards năm 2015. Top 10 ca sĩ được yêu thích bảng Top hit Làn sóng xanh năm 2015. Năm 2015, Trung Quân tham gia Tuyệt đỉnh tranh tài mùa 2 và bị loại ở Liveshow 3. Năm 2016, Trung Quân tham gia Hòa âm Ánh sáng (Remix) mùa thứ 2 và dừng chân tại Liveshow 2. Các album đã phát hành: Quân Cartoon is Coming to Town (2010) My Christmas (2011) Nhìn Lại (Single) (2012) Chuyện Mưa (Single) (2012) Gọi Mưa (Single) (2014) Trót Yêu (2014) Hát Theo Người Đi Trên Phố (2014) Mưa 2 (2014) Vì Mất Đi Ánh Mặt Trời (Single) (2014) Chưa Bao Giờ (Single) (2015) Rời (Dance Version) (2015) Xin Mưa Rơi Nhanh (Single) (2015) Con Ma Nhà Họ Vương (2015) Mùa Yêu Cũ (Single) (2016) Ngày Có Cầu Vồng (Thần Tiên Cũng Nổi Điên OST) (2016) I\'m Not OK (Single) (2016) Ngày Trôi Về Phía Cũ (2016) Thả Vào Mưa (2016) Cánh Đồng Yêu Thương (Single) (2017) Chuyến Phiêu Lưu Cùng Em (Single) (2017) Người Ta Thường Nói (Single) (2017) Dối (Bầu Trời Của Khánh OST) (Single) (2017) Có Điều Gì Sao Không Nói Cùng Anh (Single) (2017)', 1),
(30, 'Rum', 'sg28.jpg', '1996-12-12', NULL, 1, 'Rum tên thật là Hồ Minh Triết được khán giả biết đến qua những bản Mashup (Kết hợp nhiều bài hát tạo thành bài hát hoàn chỉnh). Rum không chỉ gây chú ý bởi chất giọng đẹp, trầm ấm mà còn bởi gương mặt thư sinh, có nhiều nét giống thần tượng Hàn Quốc. Những bản Mashup của Rum là sự kết hợp tinh tế nhiều ca khúc quen thuộc tạo nên giai điệu nghe vừa lạ lại vừa quen. Rum đến với âm nhạc khá sớm, chủ yếu do anh tự học. Để có thể thực hiện một bản Mashup hoàn chỉnh, Rum phải mất 1-2 ngày dựng và lên ý tưởng. Sau đó, Rum chọn những ca khúc có phần lời liên kết với nhau tạo nên một câu chuyện xuyên suốt cho bản Mashup. Đẹp trai, hát hay, Rum khiến cộng đồng mạng khi liên tục ra mắt những bản Mashup dân ca vô cùng độc đáo. Rum từng khiến phố đi bộ Nguyễn Huệ náo loạn bằng bản Mashup 10 ca khúc dân ca kết hợp hiện đại. Rum nhận được rất nhiều lời khen ngợi bởi sự độc đáo và tâm huyết. Bản Mashup 30 hit Vpop Rum thực hiện cùng Lê Quang Hùng (Hùng Muzik) sau khi đăng tải nhận được sự quan tâm đặc biệt của giới trẻ, thu hút hàng trăm nghìn lượt xem, chia sẻ. Bản Mashup của Rum được đánh giá nhịp nhàng, tự nhiên, không mang lại cảm giác khiên cưỡng. Để có được sản phẩm âm nhạc hoàn chỉnh, cực chất như vậy đòi hỏi người làm nhạc phải có kiến thức vững vàng và tinh tế về giai điệu. Để thực hiện clip này, Rum và Lê Quang Hùng đã mất khoảng 1 tuần từ công đoạn lên ý tưởng cho đến việc phối beta, thu âm và mix nhạc... Tất cả đều do hai bạn trẻ tự thực hiện. Bên cạnh đó, giọng ca trầm ấm cùng vẻ ngoài điển trai của 2 bạn trẻ khiến khán giả vô cùng thích thú. Bản Mashup dài 6 phút gồm 30 ca khúc được yêu thích: Vợ người ta (ca sĩ Phan Mạnh Quỳnh), Ngày mai (nữ ca sĩ Tóc Tiên), Yêu không nghỉ phép (Only C), Buông (Bùi Anh Tuấn)... Rum từng tham gia chương trình \"Phiên bản hoàn hảo\" với bản Mashup Lỡ duyên kết hợp các ca khúc: Cò lả, Duyên phận, Ai còn chờ ai, Mưa trên phố Huế, Lại một lần nữa... và ca khúc Lạc Trôi của Sơn Tùng MTP. Bản Mashup được thể hiện trên nền nhạc RnB. Rum hiện tạo theo học khoa CNTT trường Đại học Phú Xuân. Những ca khúc nổi tiếng của Rum: Mashup Lỡ duyên Mashup 30 Hit Vpop Cover Làm người yêu anh nhé Yêu Cover Anh cứ đi đi', 1),
(31, 'Cao Tùng Anh', 'sg29.jpg', '1990-05-11', 'Việt Nam', 1, 'Công ty đại diện: C.T.A Entertainment. Dòng nhạc: pop ballad. Sở thích: nghe nhạc, xem phim, du lịch, ca hát… Biết chơi các loại nhạc cụ: piano, guitar, thu âm, phối khí… Sáng tác các ca khúc thuộc nhiều thể loại nhạc, tốt nghiệp chuyên nghành thanh nhạc tại trường văn hóa nghệ thuật Quảng Ninh. Hiện nay, Cao Tùng Anh đang đảm nhiệm chức vụ quản lý C.T.A Entertainment cùng ekip trong công ty thực hiện album cho các ca sỹ Hồ Quang Hiếu, Khánh Phương, Lý Hải, Khởi My, Phùng Ngọc Huy… _Và các ca sỹ trẻ Dương Chí Thanh, Lưu Quốc Bảo, Hoàng Nhật Anh, Hoàng Anh Vũ, Mạnh Tuấn… _C.T.A Entertainment quản lý độc quyền cho ca sỹ Đinh Kiến Phong, Trần Hoàng Anh… _C.T.A Entertainment hiện đang đào tạo các học viên thanh nhạc: Giáp Hoàng Hiếu, Trương Khánh Hải, Cao Thiên Trường, Hoàng Đình Phú, Triệu Nhã… C.T.A Entertainment hợp đồng sản xuất các album ca nhạc, thu âm, phối khí, đào tạo thanh nhạc, kỹ năng biểu diễn… Các album đã phát hành: - Anh Nhớ Em Nhiều Lắm , Vừa Đi Vừa Khóc, Thói Quen Của Anh (2014). - Gấu Ở Đâu Khi Gió Đông Về (2015). - Anh Đã Bị Lừa, Hậu Duệ Mặt Trời(2016). - Khẽ Thôi Cưng À, Ở Một Nơi Khác (2017). _Mail: Caotunganh@yahoo.com _Face book: nhacsicaotunganh _Wes: caotunganh.com', 1),
(32, 'Phan Mạnh Quỳnh', 'sg31.jpg', '1990-01-10', 'Nghệ An', 1, 'Phan Mạnh Quỳnh sinh ra và lớn lên ở xóm Đồng Hà, xã Diễn Vạn, huyện Diễn Châu, tỉnh Nghệ An. Từ nhỏ, Phan Mạnh Quỳnh có đam mê sáng tác nhạc. Năm 2009, Phan Mạnh Quỳnh đậu Trường Đại học Công nghiệp Thành phố Hồ Chí Minh và vào Thành phố Hồ Chí Minh để học tập. Phan Mạnh Quỳnh là tác giả của nhiều bản hit mà ca sĩ Ưng Hoàng Phúc, Khởi My, Hồ Quang Hiếu, Miu Lê... từng thể hiện. Không chỉ sáng tác, anh còn được cộng đồng mạng yêu mến khi tự thể hiện các ca khúc của mình với chất giọng lạ, trầm ấm và gần gũi với cuộc sống như \"Người yêu cũ\", \"Nước ngoài\", \"Bước qua thế giới\", \"Mất hy vọng\", \"Khi phải quên đi\"... Tháng 9 năm 2015, Phan Mạnh Quỳnh phát hành album Vợ người ta và thành công lớn với ca khúc chủ đề cùng tên đã trở thành một hiện tượng trong năm 2015. Ca khúc \"Vợ người ta\" đã lập kỷ lục đạt 6 triệu lượt nghe chỉ sau 2 tuần phát hành (chỉ tính riêng trên một trang nhạc trực tuyến), đứng Top 5 cho ba hạng mục giải thưởng của Zing Music Awards: Ca khúc của năm, Album của năm và Music Video của năm. Tính đến tháng 12 năm 2015, \"Vợ người ta\" đã cán mốc 100 triệu lượt nghe và 32 triệu lượt xem trên kênh âm nhạc trực tuyến. Ca khúc Vợ người ta được ca sĩ trình bày lại trong tập 7, chương trình Hội ngộ danh hài năm 2016. Năm 2016, Phan Mạnh Quỳnh đã sáng tác và biểu diễn bài hát mới \"Hồi Ức\" trong chương trình Sing My Song (Bài Hát Hay Nhất) Tập 7. Với bài hát Vợ người ta đã giúp Phan Mạnh Quỳnh nhận các giải thưởng: -Tại lễ trao giải Zing Music Awards 2015. -Ca khúc Soul/R&B được yêu thích nhất. -Ca khúc được chia sẻ nhiều nhất cộng đồng mạng. Tại chương trình Vietnam Top Hits 2015: -Top năm ca khúc của năm. -Hiện tượng âm nhạc 2015.', 1),
(33, 'Tom Swoon', 'sg30.jpg', NULL, NULL, 0, 'Dorian Tomasiak , more commonly known as Tom Swoon , is a Polish DJ born on June 6 , 19931 .\r\n\r\nHe first composed under the stage name Pixel Cheese , then adopted the pseudo Tom Swoon in 2012 2 .', 2),
(34, 'NCS', 'sg32.jpg', NULL, NULL, 1, 'NCS has played a critical role in the Singapore government’s efforts to computerise the civil service sector and integrate IT into its public services. As the principal IT solutions provider for the government, over the past 20 years, NCS has successfully implemented more than 2,000 large-scale, mission-critical, and multi-platform projects for Singapore\'s government ministries and agencies.\r\n\r\nLeveraging this extensive experience in public sector projects, we have diversified into other key industry sectors and expanded our presence into markets across the Asia-Pacific region.\r\n\r\nView NCS’ history and milestones. ', 2),
(35, 'DEAM', 'sg33jpg', NULL, 'United States', 1, NULL, 2),
(36, 'Avicii', 'sg34.jpg', '1989-09-08', ' Stockholm', 1, 'Avicii , his real name Tim Bergling , stylized in ΛVICII , born on September 8 , 1989in Stockholm 2 , is a Swedish producer and disc jockey . He has also produced titles under the pseudonyms of Tim Berg and Tom Hangs 3 .\r\n\r\nHe made himself known in Europe with his title Seek Bromance under his alias Tim Berg in 2011, which reached the Top 20 in several countries, and was a huge success worldwide with his single Levels . His piece Wake Me Up! is one of the hits of summer 2013 and dethrones many records 4 . According to US magazine Forbes , Avicii is one of thirty persons under 30 years of the most influential people in music 5 . He is listed since his debut in the benchmark ranking of the UK magazine DJ Magazine of the best world DJs in which he reaches the third place in 2012 and 2013.', 2);

-- --------------------------------------------------------

--
-- Cấu trúc bảng cho bảng `chitietalbum`
--

DROP TABLE IF EXISTS `chitietalbum`;
CREATE TABLE IF NOT EXISTS `chitietalbum` (
  `idchitietAlbum` int(10) NOT NULL AUTO_INCREMENT,
  `LuotngheAlbum` int(10) NOT NULL,
  `NgaydangAlbum` date NOT NULL,
  `idAlbum` int(10) NOT NULL,
  `idChitietbaihat` int(10) NOT NULL,
  PRIMARY KEY (`idchitietAlbum`),
  KEY `Chitietalbum_Album` (`idAlbum`),
  KEY `Chitietalbum_Chitietbaihat` (`idChitietbaihat`)
) ENGINE=InnoDB AUTO_INCREMENT=9 DEFAULT CHARSET=utf8;

--
-- Đang đổ dữ liệu cho bảng `chitietalbum`
--

INSERT INTO `chitietalbum` (`idchitietAlbum`, `LuotngheAlbum`, `NgaydangAlbum`, `idAlbum`, `idChitietbaihat`) VALUES
(1, 456012, '2016-05-16', 2, 2),
(2, 1035769, '2016-05-16', 3, 3),
(8, 392103, '2015-09-14', 1, 1);

-- --------------------------------------------------------

--
-- Cấu trúc bảng cho bảng `chitietbaihat`
--

DROP TABLE IF EXISTS `chitietbaihat`;
CREATE TABLE IF NOT EXISTS `chitietbaihat` (
  `idChitietbaihat` int(10) NOT NULL AUTO_INCREMENT,
  `imageBaihat` text NOT NULL,
  `NgaydangBaihat` date NOT NULL,
  `LuotngheBaihat` int(10) NOT NULL,
  `LuottaiBaihat` int(10) NOT NULL,
  `LinkBaihat` varchar(255) NOT NULL,
  `idBaihat` int(10) NOT NULL,
  `idCasi` int(10) NOT NULL,
  `idTheloai` int(10) NOT NULL,
  PRIMARY KEY (`idChitietbaihat`),
  KEY `Chitietbaihat_Baihat` (`idBaihat`),
  KEY `Chitietbaihat_Casi` (`idCasi`),
  KEY `Chitietbaihat_Theloai` (`idTheloai`)
) ENGINE=InnoDB AUTO_INCREMENT=64 DEFAULT CHARSET=utf8;

--
-- Đang đổ dữ liệu cho bảng `chitietbaihat`
--

INSERT INTO `chitietbaihat` (`idChitietbaihat`, `imageBaihat`, `NgaydangBaihat`, `LuotngheBaihat`, `LuottaiBaihat`, `LinkBaihat`, `idBaihat`, `idCasi`, `idTheloai`) VALUES
(1, 'nd7.jpg', '2017-03-20', 20245455, 1450630, 'audio/Chohoghediem.mp3', 5, 1, 1),
(2, 'nd3.jpg', '2017-09-01', 181370151, 15203360, 'audio/Emgaimua.mp3', 1, 2, 1),
(3, 'nd17.jpg', '2016-11-14', 89851992, 9562310, 'audio/Choemgananhthemchutnua.mp3', 2, 2, 1),
(4, 'nd19.jpg', '2017-03-15', 62393348, 7412650, 'audio/Anhdaquenvoicodon.mp3', 4, 3, 3),
(5, 'nd4.jpg', '2017-10-12', 47816221, 10256944, 'audio/Embiet.mp3', 6, 4, 1),
(6, 'nd1.jpg', '2017-07-01', 79561569, 19852663, 'audio/Chieuhomay.mp3', 3, 5, 1),
(7, 'nd18.jpg', '2016-10-19', 11491106, 5642201, 'audio/Daloyeuemnhieu.mp3', 8, 7, 1),
(8, 'nd20.jpg', '2016-01-10', 100795233, 45956332, 'audio/Sautatca.mp3', 7, 8, 1),
(9, 'nd21.jpg', '2016-04-15', 82506302, 56042321, 'audio/Lamnguoiyeuanhnhebaby.mp3', 9, 9, 1),
(10, 'nd22.jpg', '2017-11-13', 23512340, 15032678, 'audio/songxaanhchangdedang.mp3', 10, 10, 1),
(11, 'nd23.jpg', '2015-11-20', 12503124, 3506120, 'audio/aichoai.mp3', 11, 11, 3),
(12, 'nd24.jpg', '2016-11-03', 57451264, 54213648, 'audio/muatronglong.mp3', 12, 4, 1),
(13, 'nd9.jpg', '2017-11-29', 15326421, 6451351, 'audio/chuyentinhtoi.mp3', 13, 12, 1),
(14, 'nd25.jpg', '2016-05-11', 71456240, 46215104, 'audio/anhthegioivaem.MP3', 14, 2, 3),
(15, 'nd26.jpg', '2017-08-16', 8451203, 2120450, 'audio/chomotngaynang.MP3', 15, 13, 1),
(16, 'nd27.jpg', '2017-10-26', 18334150, 610214, 'audio/taconyeunhau.MP3', 17, 14, 1),
(17, 'nd28.jpg', '2015-12-24', 191547951, 54123541, 'audio/demngayxaem.MP3', 18, 15, 1),
(18, 'ndus1.jpg', '2016-06-06', 451236547, 215412308, 'audio/despacito.mp3', 20, 17, 7),
(19, 'ndus8.jpg', '2015-08-21', 12023135, 456321, 'audio/photograph.mp3', 21, 16, 7),
(20, 'ndus3.jpg', '2015-07-21', 4512304, 1265420, 'audio/tired.mp3', 22, 18, 7),
(21, 'ndus9.jpg', '2017-10-06', 8456104, 1054601, 'audio/allfallsdown.mp3', 23, 18, 7),
(22, 'ndus7.jpg', '2014-06-08', 6412547, 942103, 'audio/uptownfunk.mp3', 24, 20, 7),
(23, 'ndus5.jpg', '2015-09-15', 24510219, 12021348, 'audio/ido.mp3', 25, 21, 7),
(24, 'ndus4.jpg', '2012-12-16', 44561021, 16451254, 'audio/notthinggonnachangemyloveforyou.mp3', 26, 19, 7),
(25, 'ndus2.jpg', '2017-01-30', 245120354, 96451205, 'audio/shapeofyou.mp3', 27, 16, 7),
(26, 'ndus6.jpg', '2009-10-03', 12032148, 2132498, 'audio/ilaymyloveonyou.mp3', 28, 19, 7),
(28, 'ndus10.jpg', '2012-07-25', 168452148, 68451239, 'audio/lethergo.mp3', 29, 22, 7),
(29, 'nd30.jpg', '2017-09-07', 4115054, 845120, 'audio/1phut.mp3', 30, 23, 1),
(30, 'nd37.jpg', '2015-05-11', 17046387, 4231548, 'audio/muayeucu.mp3', 31, 29, 1),
(31, 'nd31.jpg', '2017-10-12', 72881972, 20145899, 'audio/chamkhetimanhmotchutthoi.mp3\r\n', 32, 25, 1),
(32, 'nd40.jpg', '2014-10-27', 31213205, 6899411, 'audio/maimaibennhau.mp3', 33, 25, 1),
(33, 'nd49.jpg', '2016-09-18', 81060666, 19885621, 'audio/triki.mp3', 51, 32, 1),
(34, 'nd48.jpg', '2015-04-03', 44032691, 12034518, 'audio/nguoinaodo.mp3', 52, 7, 1),
(35, 'ndus14.jpg', '2015-11-10', 17472746, 4056441, 'audio/loveyourself.mp3\r\n', 36, 26, 7),
(36, 'ndus13.jpg', '2015-10-23', 12712150, 4102991, 'audio/sorry.mp3', 37, 26, 7),
(37, 'nd43.jpg', '2016-12-12', 69244002, 28451697, 'audio/anhnangcuaanh.mp3', 38, 14, 1),
(38, 'nd50.jpg\r\n', '2017-07-17', 32237917, 14221088, 'audio/yeu.mp3', 53, 27, 1),
(39, 'nd45.jpg', '2016-02-25', 13231995, 910887, 'audio/toilaaitrongem.mp3', 40, 8, 3),
(40, 'ndus11.jpg', '2016-12-02', 16502634, 4112745, 'audio/alone.mp3', 41, 18, 7),
(41, 'ndus12.jpg', '2016-01-14', 31387076, 10545003, 'audio/faded.mp3', 42, 18, 7),
(42, 'nd46.jpg', '2017-11-10', 4785815, 1023996, 'audio/vaithangsau.mp3', 43, 5, 1),
(43, 'nd29.jpg', '2016-10-18', 255093489, 78401858, 'audio/phiasaumotcogai.mp3', 44, 3, 1),
(44, 'nd32.jpg', '2017-01-03', 78959819, 10595321, 'audio/didetrove.mp3', 45, 3, 1),
(45, 'ndus15.jpg', '2014-10-07', 653214809, 256019732, 'audio/thinkingoutloud.mp3', 55, 16, 1),
(46, 'nd39.jpg', '2017-02-14', 143558143, 59730510, 'audio/kemduyen.mp3', 47, 30, 1),
(47, 'nd35.jpg', '2017-01-01', 141878973, 49766330, 'audio/lactroi.mp3', 48, 28, 1),
(48, 'nd52.jpg', '2017-08-24', 10359234, 561023, 'audio/naocavang.mp3', 57, 15, 1),
(49, 'nd36.jpg', '2015-12-31', 16463247, 4599110, 'audio/nhungayhomqua.mp3', 50, 28, 1),
(50, 'nd47.jpg', '2014-07-21', 22035167, 6450314, 'audio/anhnhoemnhieulam.mp3', 16, 31, 1),
(52, 'nd51.jpg', '2013-06-23', 12637450, 2635410, 'audio/mancoi', 54, 11, 1),
(54, 'ndus16.jpg', '2009-10-03', 34650217, 12065963, 'audio/mylove.mp3', 56, 19, 7),
(55, 'ndus17.jpg', '2015-09-12', 6023410, 3012540, 'audio/wait.mp3', 58, 33, 7),
(56, 'ndus18.jpg', '2015-09-14', 12032548, 4032610, 'audio/heroestonight.mp3', 59, 34, 7),
(57, 'ndus19.jpg', '2015-11-25', 14031092, 4013479, 'audio/savannah.mp3', 60, 34, 7),
(58, 'ndus20.jpg', '2016-11-10', 2031204, 532910, 'audio/sign.mp3', 61, 35, 7),
(59, 'ndus21.jpg', '2016-04-26', 22013541, 6032981, 'audio/forever.mp3', 62, 34, 7),
(60, 'ndus22.jpg', '2015-09-21', 16230214, 6039401, 'audio/cantwait.mp3', 63, 34, 7),
(61, 'ndus23.jpg', '2015-06-26', 153012463, 34697561, 'audio/waitingforlove.mp3', 64, 36, 7),
(62, 'ndus24.jpg', '2013-07-29', 54032641, 12036941, 'audio/wakemeup.mp3', 65, 36, 7),
(63, 'nd53.jpg', '2017-06-29', 72035941, 23021452, 'audio/ngaymaiemdi.mp3', 66, 24, 1);

-- --------------------------------------------------------

--
-- Cấu trúc bảng cho bảng `chitietplaylist`
--

DROP TABLE IF EXISTS `chitietplaylist`;
CREATE TABLE IF NOT EXISTS `chitietplaylist` (
  `idChitietplaylist` int(10) NOT NULL AUTO_INCREMENT,
  `idChitietbaihat` int(10) NOT NULL,
  `idPlaylist` int(10) NOT NULL,
  `imagePlaylist` int(11) DEFAULT NULL,
  PRIMARY KEY (`idChitietplaylist`),
  KEY `Chitietplaylist_playlist` (`idPlaylist`),
  KEY `Chitietplaylist_Chitietbaihat` (`idChitietbaihat`)
) ENGINE=InnoDB AUTO_INCREMENT=3 DEFAULT CHARSET=utf8;

--
-- Đang đổ dữ liệu cho bảng `chitietplaylist`
--

INSERT INTO `chitietplaylist` (`idChitietplaylist`, `idChitietbaihat`, `idPlaylist`, `imagePlaylist`) VALUES
(1, 2, 6, NULL),
(2, 3, 11, NULL);

-- --------------------------------------------------------

--
-- Cấu trúc bảng cho bảng `nhacsi`
--

DROP TABLE IF EXISTS `nhacsi`;
CREATE TABLE IF NOT EXISTS `nhacsi` (
  `idNhacsi` int(10) NOT NULL AUTO_INCREMENT,
  `HotenNhacsi` varchar(50) NOT NULL,
  `NgaysinhNhacsi` date DEFAULT NULL,
  `QuequanNhacsi` varchar(255) DEFAULT NULL,
  `TieusuNhacsi` text,
  `idQuocgia` int(10) NOT NULL,
  PRIMARY KEY (`idNhacsi`),
  KEY `Nhacsi_Quocgia` (`idQuocgia`)
) ENGINE=InnoDB AUTO_INCREMENT=39 DEFAULT CHARSET=utf8;

--
-- Đang đổ dữ liệu cho bảng `nhacsi`
--

INSERT INTO `nhacsi` (`idNhacsi`, `HotenNhacsi`, `NgaysinhNhacsi`, `QuequanNhacsi`, `TieusuNhacsi`, `idQuocgia`) VALUES
(1, 'Nguyễn Duy Anh', '1993-10-20', 'Hà Nội', 'Nguyễn Duy Anh bắt đầu tiếp xúc với âm nhạc vào năm nhất Đại học khi tham gia ca hát ở trường. Khoảng thời gian đó Duy Anh cũng may mắn đạt được 1 số giải thưởng như : Huy chương bạc tiếng hát sinh viên toàn quốc, Giải nhất giọng hát vàng mùa xuân tinh yêu TPHCM - cung văn hóa Loa Động, Giải ba tiếng hát phát thanh, Giải ba tiếng hát toàn ngành du lịch, Giải nhất đơn ca Đại Học Tôn Đức Thắng', 1),
(2, 'Mr Siro', '1982-11-18', 'Tp Hồ Chí Minh', 'Mr. Siro sinh năm 1982, tên thật là Vương Quốc Tuân, được biết đến là một nhạc sỹ có khả năng tự trình bày những ca khúc do chính anh sáng tác được khán giả đặc biệt yêu thích', 1),
(3, 'Soobin Hoàng Sơn', '1992-10-09', 'Hà Nội', 'Soobin Hoàng Sơn sinh ra là con trai duy nhất trong một gia đình có truyền thống làm nghệ thuật với bố là một nhạc sĩ và nghệ nhân nhạc cụ dân tộc. Nên từ nhỏ anh đã biết chơi đàn bầu, piano.', 1),
(4, 'Trần Anh Quân', '1993-09-21', 'Thanh Hóa', '- Trần Anh Quân là nam ca sĩ trẻ được đông đảo khán giả yêu nhạc biết đến và yêu mến sau cuộc thi Việt Nam Idol 2013.\r\n- Với chất giọng ấm áp và sâu lắng Trần Anh Quân khá thành công với dòng nhạc ballad, khi trong tất cả các đêm thi anh đều chọn cho mình thể loại nhạc này để thể hiện. Anh được mọi người gọi là \"Hoàng tử ballad\" ngay sau khi kết thúc cuộc thi.', 1),
(5, 'Nguyễn Khắc Hưng', '1992-12-12', 'Yên Bái', 'Khắc Hưng là em trai ca sĩ Khắc Việt. Anh là cựu sinh viên của Học viện Âm nhạc Quốc gia Việt Nam. Những sáng tác đầu tiên của Khắc Việt có sự phụ giúp của em trai trong phần phối khí. Hiện tại, Khắc Hưng đang là nhạc sĩ, nhà sản xuất trẻ có tiếng tại miền Bắc, anh chính là người đứng sau một số hit của các ca sĩ trẻ như Nguyễn Trần Trung Quân, Min, Erik, Trọng Hiếu, Miu Lê,...', 1),
(6, 'Tăng Nhật Tuệ', '1986-12-24', 'Đông Anh, Hà Nội', 'Tăng Nhật Tuệ tên thật là Lê Duy Linh, sinh ngày 24 tháng 12 năm 1986, nguyên quán huyện Đông Anh, Hà Nội. Từ khi còn nhỏ, anh đã theo học múa ba lê, học hát và nhiều sinh hoạt khác tại Cung Văn hóa Thiếu nhi Hà Nội. Năm 2003, anh đỗ vào Trường Cao đẳng Văn hóa Nghệ thuật Hà Nội, khoa thanh nhạc.\r\nTăng Nhật Tuệ là một người không có duyên với các cuộc thi. Năm 2006, anh từng tham gia dự thi Sao Mai điểm hẹn nhưng không lọt vào vòng chung kết. Đối với anh, đây là thất bại lớn nhất trong đời', 1),
(7, 'Khắc Việt', '1987-08-30', 'Yên Bái', 'Khắc Việt tên thật là Nguyễn Khắc Việt (sinh ngày 30 tháng 8 năm 1987) là một ca sĩ, nhạc sĩ Việt Nam. Anh theo dòng nhạc pop-ballad.\r\nSinh ra và lớn lên ở Yên Bái, trong một gia đình không có ai theo nghệ thuật, bố mẹ là công chức; sau khi học xong phổ thông trung học, Khắc Việt cùng em ruột của mình là Khắc Hưng thi đỗ vào Nhạc viện Hà Nội (Học viện Âm nhạc Quốc gia bây giờ) vào năm 2005. Vì gia đình không dư dả về kinh tế, để trang trải cuộc sống, Khắc Việt từng phải đi bán xăng và hát lót suốt 3 năm trời.', 1),
(8, 'Huỳnh James', '1986-11-14', 'Phan Thiết', 'Sinh sống và làm việc tại Phan Thiết, xuất thân là một BBoy chơi Breakdance từ năm 2004, sau đó anh bắt đầu tìm hiểu Rap vào năm 2005. Anh chơi song song hai thể loại, sống trong niềm đam mê HipHop và duy trì đến ngày hôm nay. Anh được nhiều bạn trẻ underground yêu thích với bản tính hài hước, nhạc anh viết với thể loại nhạc vui tươi mang đến sự thoải mái thư giản cho người nghe. Anh bắt đầu làm việc và hợp tác với phòng thu âm Mondo Records và cho ra các sản phẩm chất lượng mang đậm chất underground. Những bài hát đang là tâm điểm của các bạn trẻ và giới Underground. - Cho Họ Ghét Đi Em - Huỳnh James - Quăng Tao Cái Boong - Huỳnh James ft. Pjnboys - Dân Chơi Tỉnh Lẻ - Huỳnh James ft. Pjnboys - Bê Rồi Ông Cố Ơi - Huỳnh James ft. Pjnboys', 1),
(9, 'Nguyen Jenda', '1992-11-09', 'Hà Nội', 'Nhóm nhạc 3 chú bộ đội gồm 3 thành viên: 1. Nguyên Jenda tên thật Cao Trung Nguyên nhạc sĩ 2. Tuấn đen Tên thật Vừ Mí Tuấn ca sĩ 3. Mạnh Mh tên thật Nông Đức Mạnh ca sĩ Cả ba đến với nhau vì đam mê âm nhạc . mặc dù chưa từng học qua trường lớp về âm nhạc nhưng nhóm được cộng đồng mạng rất yêu thích vì sự tươi vui yêu đời trong các clip hát đơn giản của nhóm. ngoài ra những bài hát của nhóm còn được các ca sĩ tìm đến và thể hiện lại như: \" Đếm ngày xa em\" \"Giá như anh lặng im \" \" anh xấu xí chứ không xấu xa \" đều có vị trí khá cao trên các website âm nhạc như zing, nhaccuatui. Hiện tại nhóm vẫn còn rất nhìu tác phẩn khác đang trong quá trình hoàn thiện. Nguyên Jenda có tên thật là Cao Trung Nguyên, anh sinh vào ngày 10/08/1995, chàng lính này đến từ thôn Hòn Dù, của huyện Khánh Vĩnh, thuộc tỉnh Khánh Hòa. Hiện tại, Nguyên hiện đang theo học về chuyên ngành Vận tải tại Học viện Hậu Cần. Anh chàng này đã được cư dân mạng biết đến qua các video bài hát do chính mình tự sáng tác, tự đệm đàn kết hợp cùng với 2 chàng trai ở trong đơn vị thể hiện.', 1),
(10, 'FloD, M', '1993-11-20', 'Hà Nội', '', 1),
(11, 'Trịnh Đình Quang', '1991-11-06', 'Thanh Hóa', 'Sinh ra ở mảnh đất xứ Thanh, trong một gia đình không có ai theo hoạt động nghệ thuật. Bố mẹ làm nông. Sau khi tốt nghiệp phổ thông, Trịnh Đình Quang đã quyết định Nam tiến để theo đuổi đam mê nghệ thuật của mình. Tốt nghiệp trường Đại học văn hóa nghệ thuật khoa Piano năm 2012. Anh tự học thu âm, hòa âm phối khí từ lớp 11. Chạy theo đam mê, năm 2012 vào Sài Gòn lập nghiệp. Sau nhiều khó khăn Trịnh Đình Quang đang là nhà sản xuất âm nhạc ở Qstudio cũng là phòng thu của anh.\r\n\r\nBắt đầu từ những bản cover như \"Chắc ai đó sẽ về\", \"Âm thầm bên em\", \"Có anh ở đây rồi\",... tiếng hát của Trịnh Đình Quang đã dần được khán giả công nhận, đồng thời những ca khúc do chính anh sáng tác và thể hiện như \"Thất tình\", \"Nếu không thể đến với nhau\", \"Con nợ mẹ\", \"Nếu em còn tồn tại\",... cũng đã trở thành những ca khúc hit, lọt top những bài hát được yêu thích trên các trang nghe nhạc trực tuyến. \r\n\r\nĐặc biệt với bản hit \"Thất tình\", tên tuổi của Trịnh Đình Quang mới thực sự được nhiều người biết đến một cách rộng rãi.\r\nHiện tại anh đang hợp tác với những ca sỹ như Hồ Quang Hiếu, The Men, Thiên Ân, Thiên Dũng, Chu Hiểu Minh, Bảo Phúc, Lê Chí Trung, Hồ Việt Trung, Châu Khải Phong. Ngoài niềm đam mê ca hát Trịnh Đình Quang còn chạy theo niềm đam mê sáng tác và đã có 1 số sáng tac HIT như: Một Tình Yêu Đúng Nghĩa – Hồ Quang hiếu, Tìm Em – Hồ Quang Hiếu, Nếu Không Thể Đến Với Nhau - The Men, Anh Vẫn Luôn Là Anh – Chu Hiểu Minh, Quay Về Còn Kịp – Thiên Dũng… ', 1),
(12, 'Phan Mạnh Quỳnh', '1990-01-10', 'Nghệ An', 'Phan Mạnh Quỳnh sinh ra và lớn lên ở xóm Đồng Hà, xã Diễn Vạn, huyện Diễn Châu, tỉnh Nghệ An. Từ nhỏ, Phan Mạnh Quỳnh có đam mê sáng tác nhạc. Năm 2009, Phan Mạnh Quỳnh đậu Trường Đại học Công nghiệp Thành phố Hồ Chí Minh và vào Thành phố Hồ Chí Minh để học tập. Phan Mạnh Quỳnh là tác giả của nhiều bản hit mà ca sĩ Ưng Hoàng Phúc, Khởi My, Hồ Quang Hiếu, Miu Lê... từng thể hiện. Không chỉ sáng tác, anh còn được cộng đồng mạng yêu mến khi tự thể hiện các ca khúc của mình với chất giọng lạ, trầm ấm và gần gũi với cuộc sống như \"Người yêu cũ\", \"Nước ngoài\", \"Bước qua thế giới\", \"Mất hy vọng\", \"Khi phải quên đi\"... Tháng 9 năm 2015, Phan Mạnh Quỳnh phát hành album Vợ người ta và thành công lớn với ca khúc chủ đề cùng tên đã trở thành một hiện tượng trong năm 2015. Ca khúc \"Vợ người ta\" đã lập kỷ lục đạt 6 triệu lượt nghe chỉ sau 2 tuần phát hành (chỉ tính riêng trên một trang nhạc trực tuyến), đứng Top 5 cho ba hạng mục giải thưởng của Zing Music Awards: Ca khúc của năm, Album của năm và Music Video của năm. Tính đến tháng 12 năm 2015, \"Vợ người ta\" đã cán mốc 100 triệu lượt nghe và 32 triệu lượt xem trên kênh âm nhạc trực tuyến. Ca khúc Vợ người ta được ca sĩ trình bày lại trong tập 7, chương trình Hội ngộ danh hài năm 2016. Năm 2016, Phan Mạnh Quỳnh đã sáng tác và biểu diễn bài hát mới \"Hồi Ức\" trong chương trình Sing My Song (Bài Hát Hay Nhất) Tập 7. Với bài hát Vợ người ta đã giúp Phan Mạnh Quỳnh nhận các giải thưởng: -Tại lễ trao giải Zing Music Awards 2015. -Ca khúc Soul/R&B được yêu thích nhất. -Ca khúc được chia sẻ nhiều nhất cộng đồng mạng. Tại chương trình Vietnam Top Hits 2015: -Top năm ca khúc của năm. -Hiện tượng âm nhạc 2015.', 1),
(13, 'Lynk Lee', '1988-10-24', 'Bắc Giang', 'Lynk Lee là chàng sĩ trẻ được rất nhiều người biết đến, anh được fan hâm mộ gọi với cái tên thân mật là “chàng ca sĩ của học sinh”. Anh đã sống và làm việc chủ yếu ở tại thủ đô Hà Nội. Anh đã được các khán giả chú ý đến sau khi anh hát những ca khúc về tuổi học trò như là Tạm biệt nhé, bài hát Ngày ấy bạn và tôi… hay các bản cover khoe được chất giọng chứa đầy cảm xúc. Anh là một người yêu âm nhạc, anh chàng đam mê ca hát ngay từ khi anh còn nhỏ tuổi. Anh đã tham gia vào trong các phong trào hoạt động từ lúc anh mới 6 tuổi. Tập sáng tác các bài hát thiếu nhi trong năm 12 tuổi. Anh đã tốt nghiệp THPT với tấm bằng loại giỏi. Năm 2007, thì anh đã theo học tại trường Đại Học Mở Hà Nội thuộc khoa tiếng anh. Các giải thưởng đã đạt được: Giải nhất cuộc thi Tiếng hát SV Viện ĐH Mở Hà Nội năm 2009, 2010. Giải Nhất trong cuộc thi Khuấy động đam mê năm 2010. Giải Nhất cuộc thi Honda BeUnik 11 vào năm 2011. Giải Nhất chung cuộc trong Gameshow My sound do Imuzik được tổ chức vào năm 2011. Lọt vào trong vòng bán kết trong chương trình Vietnam’s Got Talent năm 2013. Các album đã phát hành: Tạm Biệt Nhé (2012) Tiếng Mưa (Single) (2012) Quà Tặng Ngày Yêu (2012) Nếu Có Thể Được Yêu (2012) Hoàng Hôn Tắt (Single) (2013) Ngày Ấy Bạn Và Tôi (2013) Nắm Chặt Tay Anh Nhé (Single) (2013) Cho Tôi Xin Một Vé Đi Tuổi Thơ (Single) (2013) Nhật Ký Lớp Tôi (2014) Tát Nước Đầu Đình (Single) (2015) Việt Nam Quê Tôi (2016) Em Ơi (Single) (2016) Ngày Chia Tay (2017) Chờ Một Ngày Nắng (Single) (2017)', 1),
(14, 'Alan Walker', '1997-04-25', 'Northampton', '', 2),
(15, 'Louis Fonsi', '1978-08-15', 'San Juan', '', 2),
(16, 'Ed Sheeran', '1991-02-17', 'England', '', 2),
(17, 'Westlife', '1998-04-26', 'England', 'Westlife is an Irish pop band created in 1998 . The group is extremely successful in Ireland and the United Kingdom , but also throughout Europe , Asia , Australia and Africa .\r\n\r\nThe group landed thirteen issues in the UK between 1999 and 2005; only Elvis Presley , the Beatles and Cliff Richard did better. Westlife is the only band in the history of the British charts to be number one with their first seven singles. It is also the only group to win four times the coveted \'record of the year\' award in the UK. Westlife has sold nearly 40 million albums worldwide and have seven platinum 1 albums .', 2),
(18, 'Bruno Mars', '1985-10-08', '', 'Bruno Mars , whose real name is Peter Gene Hernandez , born on October 8 , 1985in Honolulu , Hawaii , is an American singer-songwriter and producer . He grew up in a family of musicians and made his debut in music by producing other artists, through The Smeezingtons production team with Philip Lawrence and Ari Levine.', 2),
(19, '911', NULL, NULL, NULL, 2),
(20, 'Passenger', '1984-05-17', ' Brighton', 'Michael \"Mike\" David Rosenberg born on May 17 , 1984in Brighton ( East Sussex ), better known by his stage name Passenger , is an English folk singer-songwriter . His nickname comes from the folk-rock group of which he is the founder, principal singer and composer. The band released a single album. When band members decide to separate in 2009, Mike Rosenberg chooses to keep the band\'s name as the stage name for his solo career. He is best known for his song Let Her Go (2012).\r\n\r\nMike Rosenberg is particularly known for his appearances ( busking ) that he regularly does on the streets. It happens that a few hundred people attend these public presentations. This is how he began his career.', 2),
(21, 'Andiez', '1995-02-10', 'Tp Hồ Chí Minh', 'Hiện tại thì Andiez đang là sinh viên trường Nguyễn Tất Thành . Đam mê âm nhạc từ khi còn bé , và bắt đầu hát và sáng tác chuyên nghiệp vào đầu năm lớp 10 . Andiez có phong cách âm nhạc nghiêng về Ballad/RnB , đôi khi 1 chút Pop cho đổi mới . Hiện đang là Leader của Cosmo Riot hoạt động về âm nhạc underground gồm composer và beatmaker. Là thành viên của Different Team Compose & Produce', 1),
(22, 'Thái Vũ', '1995-10-02', 'Hà Nội', 'Hoàng Thái Vũ là cái tên quen trong cộng đồng underground Việt. Tác giả của những ca khúc “Đông kiếm em”, “Đợi”, “Lạ lùng”… vừa liên tiếp làm hai show ở Nhà hát Tuổi trẻ, show nào cũng trong tình trạng “sốt xình xịch” như vé bóng đá. Đây là một hiện tượng khi một nghệ sĩ tự lực đi lên đạt được thành công và sự yêu mến.', 1),
(23, 'Đỗ Hiếu', '1989-09-03', 'Tp Hồ Chí Minh', 'Đỗ Hiếu đam mê âm nhạc từ nhỏ, được học piano từ năm ba tuổi. Học xong cấp ba, anh thi vào trường Cao đẳng Văn hóa Nghệ thuật Thành phố Hồ Chí Minh. Sau khi tốt nghiệp, Đỗ Hiếu bắt đầu tập trung vào công việc hòa âm và sáng tác, anh gửi demo ca khúc cho các ca sĩ và được họ chọn lựa.', 1),
(24, 'Justin Bieber', '1994-03-01', 'Canada', 'Justin Bieber tên khai sinh là Justin Drew Bieber, sinh ngày 1 tháng 3 năm 1994. Anh là một ca sĩ nhạc Pop/R&B người Canada. Những clip của anh được Scooter Braun xem tại Youtube, hiện nay ông là quản lí của Justin Bieber. Braun và Justin đã đến Atlanta, Georgia để thảo luận với Usher. Anh là dự án đầu nối giữa Braun và Usher được gọi là Raymond-Braun Music Group, sau đó là L.A. Reid và Island Def Jam. Đĩa đơn đầu tiên của anh là One Time đã phát hành vào hè năm 2009, được lọt vào bảng xếp hạng 30 trong 10 quốc gia và nằm trong album đầu tiên My World ra mắt công chúng vào ngày 17-11-2009, nhận được nhiều lời khen từ RIAA, nơi đã đưa Justin lên đỉnh cao nhất của các nghệ sĩ mới trong năm. Bản thu đầy đủ đầu tiên của anh My World 2.0 đã được ra mắt vào ngày 23-3-2010 và được giới thiệu qua hit Baby. Anh sẽ bắt tay vào tour đầu tiên của minh có tên là My World Tour vào hè 2010. Justin Bieber còn là ngôi sao hot nhất của năm 2009 của tạp chí J-14, nghệ sĩ mới của năm do MuchMusic( một kênh truyền hình âm nhac của Canada bằng tiếng Anh) bình chọn và là 1 trong Top 10 ngôi sao trên Youtube của thập niên 2000 theo danh sách của Celebuzz.', 2),
(25, 'Việt Anh', '1976-03-28', 'Hà Nội', 'Việt Anh (sinh năm 1976 tại Hà Nội) là một nhạc sĩ Việt Nam nổi tiếng từ sớm với những ca khúc nhạc trẻ mang âm hưởng trữ tình, lãng mạn.\r\n\r\nViệt Anh sinh ngày 28 tháng 3 năm 1976 là con một trong gia đình có truyền thống về nghệ thuật, bố anh là nghệ sĩ ưu tú Việt Cường, mẹ là nghệ sĩ ưu tú Kim Quy. Từ năm lên 6, Việt Anh đã được học nhạc, định hướng ngay từ đầu là sẽ trở thành nhạc sĩ, 8 tuổi thi vào nhạc viện, tập sáng tác khi đang học phổ thông trung học.', 1),
(26, 'Jaykii', '1993-09-21', 'Hà Nội', 'JayKii tên thật là Trần Anh Quân - một gương mặt ca sĩ-nhạc sĩ trẻ tài năng. Anh được công chúng biết tới sau khi lọt vào top 9 của cuộc thi “VietNam Idol 2013\". Sau khi rời khỏi chương trình VietNam Idol 2013, JayKii đã chính thức hoạt động âm nhạc chuyên nghiệp. Single đầu tay \"Chiều hôm ấy\", một ca khúc do chính anh sáng tác và thể hiện đã nhận được sự đón nhận nhiệt liệt từ công chúng thu hút hơn 25 triệu lượt xem trên Youtube và hơn 80 triệu lượt nghe trên MP3 Zing; đứng trong top 10 bảng xếp hạng trong nhiều tuần liền chỉ sau một thời gian ngắn phát hành. Vào ngày 11:11 ngày 11/11/2017 JayKii tiếp tục phát hành ca khúc Vài tháng qua - là câu chuyện tiếp nối từ Chiều hôm ấy cũng được giới phê bình đánh giá cao và dự đoán sẽ tạo nên làn sóng không thua kém gì “người anh em” của mình.', 1),
(27, 'Tiên Cookie', '1994-02-26', 'TP Hồ Chí Minh', 'Tiên Cookie, tên thật là Nguyễn Thủy Tiên (sinh ngày 26 tháng 2 năm 1994) là nhạc sĩ, ca sĩ người Việt Nam. Ngoài ra, cô từng nhận được 2 đề cử tại giải Cống hiến.Con đường đến với âm nhạc của Tiên khá ngẫu nhiên. Qua một lần đi thu một bài hát tặng bạn, Tiên thấy rất thích cảm giác trong phòng thu cùng với sở thích nghe nhạc vốn có đã làm cho cô gái sinh năm 1994 càng đam mê âm nhạc hơn. Sản phẩm đầu tiên “Valentine chờ” được Tiên viết lời khi mới chỉ 14 tuổi. Nửa năm sau, khi đã tìm hiểu một chút kiến thức âm nhạc qua một khóa học ghita và một khóa học lý thuyết âm nhạc Tiên đã sáng tác ca khúc đầu tiên của mình. Chỉ trong ba năm, Tiên Cookie đã sáng tác hơn chục bài hát và viết lời cho rất nhiều ca khúc nước ngoài. Với chất giọng trầm ấm, rất khác lạ Tiên đã thể hiện những ca khúc Pop Ballad, R&B của mình rất thành công. Hầu hết những bài hát Tiên sáng tác đều mang giai điệu buồn', 1),
(28, 'Dương Khắc Linh', '1980-03-20', 'Phú Yên', 'Dương Khắc Linh quê gốc ở Phú Yên, anh được sinh ra tại Philippines nhưng lớn lên và học tập tại Hà Lan. Năm 12 tuổi, anh thi đậu Nhạc viện tại Hà Lan và gắn bó với piano cổ điển trong 15 năm. Anh theo học Trường nghệ thuật Utrecht ở Hilversum (Hà Lan) và tốt nghiệp năm 2004 với tấm bằng Thạc sĩ. Năm 2004, Dương Khắc Linh tiếp tục lấy bằng Thạc sĩ chuyên ngành sáng tác tại trường Đại học Portsmouth (Anh) và năm 2006, Dương Khắc Linh nhận được thêm bằng Thạc sĩ lý luận với luận án về Công nghệ âm nhạc ở Việt Nam. Sau khi tốt nghiệp, Dương Khắc Linh đầu quân cho một công ty ghi âm tại Hà Lan, ngoài ra anh cũng viết nhạc, sáng tác các ca khúc R&B, hip-hop cho các ca sĩ Hà Lan, Pháp, Mỹ.', 1),
(29, 'Sơn Tùng M-TP', '1994-07-05', 'Thái Bình ', 'Nguyễn Thanh Tùng hay được biết đến với nghệ danh Sơn Tùng M-TP (sinh ngày 5 tháng 7 năm 1994 tại Thái Bình) là một ca sĩ, nhạc sĩ nhạc pop Việt Nam. Sơn Tùng đã từng giành 4 đề cử và 1 giải giải Cống hiến cùng với hai giải Bài hát yêu thích với các ca khúc \"Cơn mưa ngang qua\" và \"Em của ngày hôm qua\"[1]. Anh cũng hai lần là khách mời biểu diễn của chương trình Thần tượng âm nhạc Việt Nam.[2]\r\n\r\nNăm 2015, Sơn Tùng M-TP đã nhận được giải Diễn viên trẻ triển vọng tại lễ trao giải Cánh diều vàng cho phần diễn xuất của mình trong phim Chàng trai năm ấy.\r\n\r\nTrong danh sách Top 10 tìm kiếm nhiều nhất trên Google Việt Nam năm 2015 có đến 4 từ khóa liên quan đến nam ca sĩ Sơn Tùng M-TP. Ba bài hát, một bộ phim của Sơn Tùng đó là các ca khúc \"Âm thầm bên em\" được tìm kiếm nhiều thứ 2 trong năm. Bài hát \"Không phải dạng vừa đâu\" xếp thứ 3, \"Khuôn mặt đáng thương\" xếp thứ 6 và bộ phim Chàng trai năm ấy có vai diễn của Sơn Tùng xếp thứ 10.[3]\r\n\r\nTrưởng thành từ nhạc underground, Sơn Tùng M-TP bị \"nghi ngờ\" đạo nhạc nhiều lần. Các ca khúc của Tùng được cho là đã lấy phần beat (nhạc nền) từ các bài hát nổi tiếng ở Hàn Quốc, Nhật Bản hay Mỹ.\r\n\r\nSơn Tùng M-TP đã có 2 lần giúp ca khúc Việt Nam đứng trong top 10 ca khúc nhiều lượt xem trong một ngày trên YouTube. Đặc biệt ca khúc \"Nơi này có anh\" phát hành năm 2017 đã đứng vị trí thứ nhất với hơn 9 triệu lượt xem trong ngày 14/2.', 1),
(30, 'Trung Quân', '1989-01-20', 'Đà Lạt', 'Trung Quân tên đầy đủ là Bùi Nguyễn Trung Quân sinh ngày 20/01/1989 tại Đà Lạt. Anh được biết đến với cái tên Trung Quân Idol khi tham gia Thần tượng âm nhạc Việt Nam mùa thứ ba năm 2010 và liên tục ra các bài hit cho đến nay. Anh là cựu sinh viên của Trường Đại học Kiến trúc Thành phố Hồ Chí Minh. Sinh ra và lớn lên ở Đà Lạt, tuy bố mẹ không ai hoạt động nghệ thuật, nhưng gia đình ai cũng có máu nghệ sĩ. Anh ruột của Quân là rapper Quân Rapsoul – vừa đầu quân cho công ty Music Faces vào hè năm ngoái. Và giọng ca “bay” mà Quân có được cũng thừa hường từ mẹ. Trước Vietnam Idol, anh từng hát cho các TVC quảng cáo. Thành tích tại các cuộc thi âm nhạc trước đây: TOP 100 cuộc thi Tiếng ca học đường 2008. Trung Quân cũng từng tham gia Vietnam Idol năm 2008 nhưng dừng lại ở Top 16. Năm 2010, Trung Quân tiếp tục dự thi Vietnam Idol và dừng chân ở Top 8 của chương trình. Ca khúc của năm YAN Vpop 20 Awards năm 2014. Ca khúc của năm Zing Music Awards năm 2014. Ca khúc pop/rock được yêu thích nhất Zing Music Awards năm 2015. Top 10 ca sĩ được yêu thích bảng Top hit Làn sóng xanh năm 2015. Năm 2015, Trung Quân tham gia Tuyệt đỉnh tranh tài mùa 2 và bị loại ở Liveshow 3. Năm 2016, Trung Quân tham gia Hòa âm Ánh sáng (Remix) mùa thứ 2 và dừng chân tại Liveshow 2. Các album đã phát hành: Quân Cartoon is Coming to Town (2010) My Christmas (2011) Nhìn Lại (Single) (2012) Chuyện Mưa (Single) (2012) Gọi Mưa (Single) (2014) Trót Yêu (2014) Hát Theo Người Đi Trên Phố (2014) Mưa 2 (2014) Vì Mất Đi Ánh Mặt Trời (Single) (2014) Chưa Bao Giờ (Single) (2015) Rời (Dance Version) (2015) Xin Mưa Rơi Nhanh (Single) (2015) Con Ma Nhà Họ Vương (2015) Mùa Yêu Cũ (Single) (2016) Ngày Có Cầu Vồng (Thần Tiên Cũng Nổi Điên OST) (2016) I\'m Not OK (Single) (2016) Ngày Trôi Về Phía Cũ (2016) Thả Vào Mưa (2016) Cánh Đồng Yêu Thương (Single) (2017) Chuyến Phiêu Lưu Cùng Em (Single) (2017) Người Ta Thường Nói (Single) (2017) Dối (Bầu Trời Của Khánh OST) (Single) (2017) Có Điều Gì Sao Không Nói Cùng Anh (Single) (2017)', 1),
(31, 'Rum', '1996-12-12', NULL, NULL, 1),
(32, 'Cao Tùng Anh', '1990-05-11', 'Việt Nam', 'Công ty đại diện: C.T.A Entertainment. Dòng nhạc: pop ballad. Sở thích: nghe nhạc, xem phim, du lịch, ca hát… Biết chơi các loại nhạc cụ: piano, guitar, thu âm, phối khí… Sáng tác các ca khúc thuộc nhiều thể loại nhạc, tốt nghiệp chuyên nghành thanh nhạc tại trường văn hóa nghệ thuật Quảng Ninh. Hiện nay, Cao Tùng Anh đang đảm nhiệm chức vụ quản lý C.T.A Entertainment cùng ekip trong công ty thực hiện album cho các ca sỹ Hồ Quang Hiếu, Khánh Phương, Lý Hải, Khởi My, Phùng Ngọc Huy… _Và các ca sỹ trẻ Dương Chí Thanh, Lưu Quốc Bảo, Hoàng Nhật Anh, Hoàng Anh Vũ, Mạnh Tuấn… _C.T.A Entertainment quản lý độc quyền cho ca sỹ Đinh Kiến Phong, Trần Hoàng Anh… _C.T.A Entertainment hiện đang đào tạo các học viên thanh nhạc: Giáp Hoàng Hiếu, Trương Khánh Hải, Cao Thiên Trường, Hoàng Đình Phú, Triệu Nhã… C.T.A Entertainment hợp đồng sản xuất các album ca nhạc, thu âm, phối khí, đào tạo thanh nhạc, kỹ năng biểu diễn… Các album đã phát hành: - Anh Nhớ Em Nhiều Lắm , Vừa Đi Vừa Khóc, Thói Quen Của Anh (2014). - Gấu Ở Đâu Khi Gió Đông Về (2015). - Anh Đã Bị Lừa, Hậu Duệ Mặt Trời(2016). - Khẽ Thôi Cưng À, Ở Một Nơi Khác (2017). _Mail: Caotunganh@yahoo.com _Face book: nhacsicaotunganh _Wes: caotunganh.com', 1),
(33, 'Justa Tee', '1991-11-01', 'Hà Nội', 'Là thành viên cũ của Click Click Boom, đang là thành viên trong Joker\'s Rule và LadyKillah Proz Khả năng: Composer, singer, mixer, beatzmaker Kinh nghiệm : Sáng tác và hát hơn 5 năm Chất giọng: Smooth Thể loại: R\'nB everystyle Hiện đang là Music Producer của LadyKillah Proz - Nhóm các Rappers/Singers hàng đầu VN như Lil\'Knight, Emily, Mr.T, Yanbi,Mr.A, Bueno, Phúc Bồ, TmT, Big Daddy..... Chất giọng: Smooth Thể loại : R&B/Hiphop Phong cách ăn mặc : Original Là 1 ca sỹ đi lên từ Underground với mức cảm nhạc khác người, họ nói anh là người đầu tiên mang đến định nghĩa thực về dòng nhạc R&B, khi mà trước đó chỉ là những bài hát Pop ngộ nhận, và đến bây giờ cũng chưa có nhiều người nhận thức đúng về dòng nhạc này Tiểu sử : Bắt đầu sáng tác từ năm 2004 với nick name JayTee, sau này được đổi thành JustaTee 2005 - 2008 : Là Rapper/Singer/Music producer trong nhóm Click Click Boom - nhóm nhạc rap đa thành viên đầu tiên tại Việt Nam 2008 : Bắt đầu đánh dấu sự nghiệp R&B 2010 : Cùng Lil\' Knight đồng sáng lập nên LadyKillah với sự điều hành của Mr.J ( Jan Saker ) làm nên website R&B/Hiphop lớn mạnh nhất hiện nay 20/08/2010: Ra mắt mini album JUST-A-TEE đánh dấu tên tuổi mình trên nền nhạc R&B của nước nhà . Ca khúc \"Sau tất cả\", với sự góp giọng của JustaTee và BigDaddy đã trở thành bài hit đình đám trong thế giới nhạc Việt. Trong chương trình The Remix - Hòa âm ánh sáng 2016, \"cặp bài trùng\" này lại tiếp tục có màn phối hợp ăn ý trong ca khúc \"Về nhà ăn tết\", ca khúc này đã trở thành bản hit trong những ngày đầu năm mới 2016. Trong năm 2016, \"cặp bài trùng\" này tiếp tục hợp tác trong single \"Dù anh có đứng lại\", một ca khúc mạng đậm cá tính của cả hai giọng ca, khiến khán giả phát cuồng về sự mới lạ trong phong cách. Những bài hát mang lại tên tuổi JustaTee : Người Lạ Nơi Cuối Đường, Imma HeartBreaker, K part 2, Không Tin 1 Sớm Mai Bình Yên REMIX, Call Me The Liar...', 2),
(34, 'Only C', NULL, 'Việt Nam', 'Vốn có năng khiếu âm nhạc...được bố cho tiếp xúc với âm nhạc và truyền đạt hiểu biết kiến thức âm nhạc từ lúc bé.. Biết chơi Guitar, piano và trống năm 16 tuổi ..và được sở hữu dàn nhạc riêng ở nhà nên tự tập và tự biết chơi các nhạc cụ không qua trường lớp đào tạo Đến năm 18 tuổi bắt đầu mò mẫm các kỹ năng phòng thu : thu âm, mix + master và được đi tu nghiệp học hỏi kỹ năng phòng thu tại Singapore Năm 2009 chính thức làm việc chuyên nghiệp với vai trò là nhạc sỹ - nhà sản xuất âm nhạc với album đầu tay cùng ca sỹ Khổng Tú Quỳnh : Try To Up Anh cũng là nhà sản xuất cho đội của Isaac (thành viên ban nhạc 365) trong chương trình Hòa âm Ánh sáng mùa 1. Các giải thưởng anh đạt được : Ca khúc Song ca/Nhóm ca Được yêu thích nhất Zing Music Awards năm 2015. Top 10 nhạc sĩ được yêu thích nhất Làn Sóng Xanh năm 2015. Top 10 nhạc sĩ được yêu thích nhất Làn Sóng Xanh năm 2016. Sau đó là một loạt những sản phẩm khẳng định vị trí nhất định trong Vpop : + Album Nhận ra - Miu Lê. + Singler Ngày anh xa, Em nhớ Anh - Miu Lê. + Oh my love , Nơi Anh không thuộc vê - 365. + Beautiful girl - Minh Hằng. + Yêu Là Tha Thu (Em Chưa 18 OST) (Single). + Yêu Đi Đừng Sợ (OST Yêu Đi Đừng Sợ) (Single). + Đếm Ngày Xa Em , Não Cá Vàng (Single)- Lou Hoàng. Ngoài ra còn rất nhiều các ca sỹ trẻ khác đang cùng hợp tác với OnlyC. Hiện tại OnlyC đang làm việc trong vai trò Music producer và thức hiện các dự án trong nước cũng như các nước lân cận để hướng tới môi trường làm việc chuyên nghiệp hơn .', 1),
(35, 'Tom Swoon', NULL, NULL, NULL, 2),
(36, 'NCS', NULL, NULL, NULL, 2),
(37, 'DEAMN', NULL, NULL, NULL, 2),
(38, 'Avicii', '1989-09-08', ' Stockholm', 'Avicii , his real name Tim Bergling , stylized in ΛVICII , born on September 8 , 1989in Stockholm 2 , is a Swedish producer and disc jockey . He has also produced titles under the pseudonyms of Tim Berg and Tom Hangs 3 .\r\n\r\nHe made himself known in Europe with his title Seek Bromance under his alias Tim Berg in 2011, which reached the Top 20 in several countries, and was a huge success worldwide with his single Levels . His piece Wake Me Up! is one of the hits of summer 2013 and dethrones many records 4 . According to US magazine Forbes , Avicii is one of thirty persons under 30 years of the most influential people in music 5 . He is listed since his debut in the benchmark ranking of the UK magazine DJ Magazine of the best world DJs in which he reaches the third place in 2012 and 2013.', 2);

-- --------------------------------------------------------

--
-- Cấu trúc bảng cho bảng `playlist`
--

DROP TABLE IF EXISTS `playlist`;
CREATE TABLE IF NOT EXISTS `playlist` (
  `idPlaylist` int(10) NOT NULL AUTO_INCREMENT,
  `tenPlaylist` varchar(50) NOT NULL,
  `idThanhvien` int(10) NOT NULL,
  PRIMARY KEY (`idPlaylist`),
  KEY `Playlist_Thanhvien` (`idThanhvien`)
) ENGINE=InnoDB AUTO_INCREMENT=16 DEFAULT CHARSET=utf8;

--
-- Đang đổ dữ liệu cho bảng `playlist`
--

INSERT INTO `playlist` (`idPlaylist`, `tenPlaylist`, `idThanhvien`) VALUES
(1, 'Playlist 1', 1),
(2, 'Playlist 2', 1),
(3, 'Playlist 3', 1),
(4, 'Playlist 4', 2),
(5, 'Playlist 5', 2),
(6, 'Playlist 6', 3),
(7, 'Playlist 7', 4),
(8, 'Playlist 8', 4),
(9, 'Playlist 9', 5),
(10, 'Playlist 10', 6),
(11, 'Playlist 11', 6),
(12, 'Playlist 12', 7),
(13, 'Playlist 13', 7),
(14, 'Playlist 14', 8),
(15, 'Playlist 15', 9);

-- --------------------------------------------------------

--
-- Cấu trúc bảng cho bảng `quocgia`
--

DROP TABLE IF EXISTS `quocgia`;
CREATE TABLE IF NOT EXISTS `quocgia` (
  `idQuocgia` int(10) NOT NULL AUTO_INCREMENT,
  `TenQuocgia` varchar(255) NOT NULL,
  PRIMARY KEY (`idQuocgia`)
) ENGINE=InnoDB AUTO_INCREMENT=5 DEFAULT CHARSET=utf8;

--
-- Đang đổ dữ liệu cho bảng `quocgia`
--

INSERT INTO `quocgia` (`idQuocgia`, `TenQuocgia`) VALUES
(1, 'Việt Nam'),
(2, 'Âu - Mỹ\r\n'),
(3, 'Trung Quốc '),
(4, 'Hàn Quốc');

-- --------------------------------------------------------

--
-- Cấu trúc bảng cho bảng `thanhvien`
--

DROP TABLE IF EXISTS `thanhvien`;
CREATE TABLE IF NOT EXISTS `thanhvien` (
  `idThanhvien` int(10) NOT NULL AUTO_INCREMENT,
  `username` varchar(50) NOT NULL,
  `password` varchar(50) NOT NULL,
  `HotenThanhvien` varchar(50) NOT NULL,
  `GioitinhThanhvien` tinyint(1) NOT NULL,
  `SdtThanhvien` int(11) NOT NULL,
  `DiachiThanhvien` varchar(255) DEFAULT NULL,
  `NgaysinhThanhvien` date NOT NULL,
  PRIMARY KEY (`idThanhvien`)
) ENGINE=InnoDB AUTO_INCREMENT=11 DEFAULT CHARSET=utf8;

--
-- Đang đổ dữ liệu cho bảng `thanhvien`
--

INSERT INTO `thanhvien` (`idThanhvien`, `username`, `password`, `HotenThanhvien`, `GioitinhThanhvien`, `SdtThanhvien`, `DiachiThanhvien`, `NgaysinhThanhvien`) VALUES
(1, 'thanhvien1', '123456', 'Thái Thanh Thiên', 1, 942898298, '180 Cao Lỗ, Phường 1, Quận 8, TP Hồ Chí Minh', '1996-05-29'),
(2, 'thanhbien2', '123456789', 'Nguyễn Thành Nam', 0, 942898297, '205 Lý Thường Kiệt, Phường 6, Quận 11, TP Hồ Chí Minh', '1997-05-10'),
(3, 'thanhvien3', '123456', 'Nguyễn Tiến Đạt', 1, 942898296, '180 Cao Lỗ, Phường 1 , Quận 8, Tp Hồ Chí Minh', '1995-04-20'),
(4, 'thanhvien4', '123456789', 'Huỳnh Gia Minh', 1, 942898295, '180 Cao Lỗ, Phường 1 , Quận 8, Tp Hồ Chí Minh', '1994-05-19'),
(5, 'thanhvien5', '123456', 'Trần Hô Hiệp', 0, 942898294, '180 Cao Lỗ, Phường 1 , Quận 8, Tp Hồ Chí Minh', '1996-06-07'),
(6, 'thanhvien6', '123456789', 'Thành Viên 6', 0, 942898293, '210 Tạ Quang Bữu, Phường 1 , Quận 8, Tp Hồ Chí Minh', '1996-06-07'),
(7, 'thanhvien7', '123456', 'Thành Viên 7', 1, 942898292, '160 Tạ Quang Bữu, Phường 1 , Quận 8, Tp Hồ Chí Minh', '1998-10-21'),
(8, 'thanhvien8', '123456789', 'Thành Viên 8', 1, 942898291, '120 Cao Lỗ, Phường 1 , Quận 8, Tp Hồ Chí Minh', '1999-12-10'),
(9, 'thanhvien9', '123456789', 'Thành Viên 9', 0, 942898290, '230 Cao Lỗ, Phường 1 , Quận 8, Tp Hồ Chí Minh', '1994-10-11'),
(10, 'minh2319', '123456Aa', 'husadds', 1, 126449111, 'dsadd5', '2017-11-14');

-- --------------------------------------------------------

--
-- Cấu trúc bảng cho bảng `theloai`
--

DROP TABLE IF EXISTS `theloai`;
CREATE TABLE IF NOT EXISTS `theloai` (
  `idTheloai` int(10) NOT NULL AUTO_INCREMENT,
  `TenTheloai` varchar(50) NOT NULL,
  PRIMARY KEY (`idTheloai`)
) ENGINE=InnoDB AUTO_INCREMENT=8 DEFAULT CHARSET=utf8;

--
-- Đang đổ dữ liệu cho bảng `theloai`
--

INSERT INTO `theloai` (`idTheloai`, `TenTheloai`) VALUES
(1, 'Nhạc Trẻ  '),
(2, 'Nhạc Trữ Tình '),
(3, 'Nhạc Balad - Pop '),
(4, 'Nhạc Không Lời'),
(5, 'Nhạc EDM'),
(6, 'Aucoustic'),
(7, 'Nhạc US-UK');

--
-- Các ràng buộc cho các bảng đã đổ
--

--
-- Các ràng buộc cho bảng `baihat`
--
ALTER TABLE `baihat`
  ADD CONSTRAINT `Baihat_Nhacsi` FOREIGN KEY (`idNhacsi`) REFERENCES `nhacsi` (`idNhacsi`),
  ADD CONSTRAINT `Baihat_Quocgia` FOREIGN KEY (`idQuocgia`) REFERENCES `quocgia` (`idQuocgia`);

--
-- Các ràng buộc cho bảng `binhluan`
--
ALTER TABLE `binhluan`
  ADD CONSTRAINT `Binhluan_Chitietbaihat` FOREIGN KEY (`idChitietbaihat`) REFERENCES `chitietbaihat` (`idChitietbaihat`),
  ADD CONSTRAINT `Binhluan_Thanhvien` FOREIGN KEY (`idThanhvien`) REFERENCES `thanhvien` (`idThanhvien`);

--
-- Các ràng buộc cho bảng `chitietalbum`
--
ALTER TABLE `chitietalbum`
  ADD CONSTRAINT `Chitietalbum_Album` FOREIGN KEY (`idAlbum`) REFERENCES `album` (`idAlbum`),
  ADD CONSTRAINT `Chitietalbum_Chitietbaihat` FOREIGN KEY (`idChitietbaihat`) REFERENCES `chitietbaihat` (`idChitietbaihat`);

--
-- Các ràng buộc cho bảng `chitietbaihat`
--
ALTER TABLE `chitietbaihat`
  ADD CONSTRAINT `Chitietbaihat_Baihat` FOREIGN KEY (`idBaihat`) REFERENCES `baihat` (`idBaihat`),
  ADD CONSTRAINT `Chitietbaihat_Casi` FOREIGN KEY (`idCasi`) REFERENCES `casi` (`idCasi`),
  ADD CONSTRAINT `Chitietbaihat_Theloai` FOREIGN KEY (`idTheloai`) REFERENCES `theloai` (`idTheloai`);

--
-- Các ràng buộc cho bảng `chitietplaylist`
--
ALTER TABLE `chitietplaylist`
  ADD CONSTRAINT `Chitietplaylist_Chitietbaihat` FOREIGN KEY (`idChitietbaihat`) REFERENCES `chitietbaihat` (`idChitietbaihat`),
  ADD CONSTRAINT `Chitietplaylist_playlist` FOREIGN KEY (`idPlaylist`) REFERENCES `playlist` (`idPlaylist`);

--
-- Các ràng buộc cho bảng `nhacsi`
--
ALTER TABLE `nhacsi`
  ADD CONSTRAINT `Nhacsi_Quocgia` FOREIGN KEY (`idQuocgia`) REFERENCES `quocgia` (`idQuocgia`);

--
-- Các ràng buộc cho bảng `playlist`
--
ALTER TABLE `playlist`
  ADD CONSTRAINT `Playlist_Thanhvien` FOREIGN KEY (`idThanhvien`) REFERENCES `thanhvien` (`idThanhvien`);
COMMIT;

/*!40101 SET CHARACTER_SET_CLIENT=@OLD_CHARACTER_SET_CLIENT */;
/*!40101 SET CHARACTER_SET_RESULTS=@OLD_CHARACTER_SET_RESULTS */;
/*!40101 SET COLLATION_CONNECTION=@OLD_COLLATION_CONNECTION */;
